Entity,Year,Death rate from alzheimer disease and other dementias among both sexes
Afghanistan,2000,4.62
Afghanistan,2001,4.68
Afghanistan,2002,4.73
Afghanistan,2003,4.75
Afghanistan,2004,4.81
Afghanistan,2005,4.93
Afghanistan,2006,5.05
Afghanistan,2007,4.91
Afghanistan,2008,4.83
Afghanistan,2009,4.9
Afghanistan,2010,4.9
Afghanistan,2011,4.99
Afghanistan,2012,5.13
Afghanistan,2013,5.15
Afghanistan,2014,5.19
Afghanistan,2015,5.22
Afghanistan,2016,5.22
Afghanistan,2017,5.31
Afghanistan,2018,5.37
Afghanistan,2019,5.47
Afghanistan,2020,5.65
Afghanistan,2021,5.2
Africa,2000,4.2983828
Africa,2001,4.352286
Africa,2002,4.4557266
Africa,2003,4.525793
Africa,2004,4.5692225
Africa,2005,4.591854
Africa,2006,4.659066
Africa,2007,4.720222
Africa,2008,4.773705
Africa,2009,4.796719
Africa,2010,4.8825064
Africa,2011,4.943274
Africa,2012,4.9987316
Africa,2013,5.03719
Africa,2014,5.101505
Africa,2015,5.2023892
Africa,2016,5.262052
Africa,2017,5.350058
Africa,2018,5.465044
Africa,2019,5.550542
Africa,2020,5.8280087
Africa,2021,5.6254306
Albania,2000,20.83
Albania,2001,14.04
Albania,2002,16.57
Albania,2003,19.36
Albania,2004,19.53
Albania,2005,20.77
Albania,2006,19.69
Albania,2007,21.08
Albania,2008,20.91
Albania,2009,21
Albania,2010,20.41
Albania,2011,19.64
Albania,2012,27.87
Albania,2013,27.02
Albania,2014,27.79
Albania,2015,31.26
Albania,2016,35.07
Albania,2017,39.39
Albania,2018,45.45
Albania,2019,52.38
Albania,2020,58.96
Albania,2021,33.23
Algeria,2000,7.3
Algeria,2001,7.48
Algeria,2002,7.7
Algeria,2003,7.9
Algeria,2004,8.06
Algeria,2005,8.18
Algeria,2006,8.32
Algeria,2007,8.45
Algeria,2008,8.59
Algeria,2009,8.67
Algeria,2010,8.83
Algeria,2011,9.01
Algeria,2012,9.11
Algeria,2013,9.32
Algeria,2014,9.49
Algeria,2015,9.71
Algeria,2016,9.95
Algeria,2017,10.19
Algeria,2018,10.48
Algeria,2019,10.8
Algeria,2020,11.88
Algeria,2021,12.2
Andorra,2000,41.71
Andorra,2001,43.36
Andorra,2002,43.43
Andorra,2003,43.83
Andorra,2004,44.93
Andorra,2005,45.6
Andorra,2006,45.86
Andorra,2007,45.21
Andorra,2008,43.88
Andorra,2009,41.49
Andorra,2010,37.99
Andorra,2011,36.6
Andorra,2012,38.68
Andorra,2013,41.18
Andorra,2014,43.63
Andorra,2015,46.23
Andorra,2016,47.6
Andorra,2017,47.58
Andorra,2018,47.54
Andorra,2019,47.04
Andorra,2020,38.73
Andorra,2021,45.99
Angola,2000,3.91
Angola,2001,3.92
Angola,2002,4.02
Angola,2003,4.1
Angola,2004,4.13
Angola,2005,4.15
Angola,2006,4.31
Angola,2007,4.29
Angola,2008,4.32
Angola,2009,4.38
Angola,2010,4.41
Angola,2011,4.54
Angola,2012,4.6
Angola,2013,4.75
Angola,2014,4.74
Angola,2015,4.92
Angola,2016,4.99
Angola,2017,5.05
Angola,2018,5.31
Angola,2019,5.49
Angola,2020,5.78
Angola,2021,5.68
Antigua and Barbuda,2000,1.68
Antigua and Barbuda,2001,0.43
Antigua and Barbuda,2002,0.44
Antigua and Barbuda,2003,0.4
Antigua and Barbuda,2004,1.03
Antigua and Barbuda,2005,1.53
Antigua and Barbuda,2006,2.99
Antigua and Barbuda,2007,4.15
Antigua and Barbuda,2008,5.42
Antigua and Barbuda,2009,7.1
Antigua and Barbuda,2010,7.94
Antigua and Barbuda,2011,5.97
Antigua and Barbuda,2012,5.84
Antigua and Barbuda,2013,4.94
Antigua and Barbuda,2014,6.52
Antigua and Barbuda,2015,4.57
Antigua and Barbuda,2016,9.08
Antigua and Barbuda,2017,7.48
Antigua and Barbuda,2018,7.65
Antigua and Barbuda,2019,2.75
Antigua and Barbuda,2020,5.05
Antigua and Barbuda,2021,5.66
Argentina,2000,6.48
Argentina,2001,6.42
Argentina,2002,7.5
Argentina,2003,9.01
Argentina,2004,8.74
Argentina,2005,6.94
Argentina,2006,7.28
Argentina,2007,8.38
Argentina,2008,8.24
Argentina,2009,7.54
Argentina,2010,7.94
Argentina,2011,7.8
Argentina,2012,7.88
Argentina,2013,8.54
Argentina,2014,8.2
Argentina,2015,8.19
Argentina,2016,9.49
Argentina,2017,8.38
Argentina,2018,8.81
Argentina,2019,9.47
Argentina,2020,8.1
Argentina,2021,9.35
Armenia,2000,1.14
Armenia,2001,1.15
Armenia,2002,1.62
Armenia,2003,1.32
Armenia,2004,1.17
Armenia,2005,1.23
Armenia,2006,0.63
Armenia,2007,1.23
Armenia,2008,1.42
Armenia,2009,1.27
Armenia,2010,1.57
Armenia,2011,0.67
Armenia,2012,0.9
Armenia,2013,0.8
Armenia,2014,0.95
Armenia,2015,1.27
Armenia,2016,1.03
Armenia,2017,1.62
Armenia,2018,1.89
Armenia,2019,1.86
Armenia,2020,1.29
Armenia,2021,2.3
Asia,2000,8.751258
Asia,2001,9.032986
Asia,2002,9.338937
Asia,2003,9.665054
Asia,2004,10.032132
Asia,2005,10.37099
Asia,2006,10.670779
Asia,2007,11.00739
Asia,2008,11.447017
Asia,2009,11.790385
Asia,2010,12.232658
Asia,2011,12.655204
Asia,2012,13.106137
Asia,2013,13.641954
Asia,2014,14.218071
Asia,2015,14.784638
Asia,2016,15.346744
Asia,2017,16.26202
Asia,2018,16.929367
Asia,2019,17.634588
Asia,2020,18.054943
Asia,2021,19.248922
Australia,2000,19.45
Australia,2001,19.36
Australia,2002,22.45
Australia,2003,21.63
Australia,2004,23.26
Australia,2005,29.26
Australia,2006,33.98
Australia,2007,35.88
Australia,2008,39.38
Australia,2009,39.33
Australia,2010,42
Australia,2011,46.1
Australia,2012,47.79
Australia,2013,49.77
Australia,2014,53.83
Australia,2015,55.87
Australia,2016,57.3
Australia,2017,59.38
Australia,2018,60.58
Australia,2019,64.02
Australia,2020,62.31
Australia,2021,67.07
Austria,2000,3.63
Austria,2001,3.83
Austria,2002,6.57
Austria,2003,8.11
Austria,2004,7.75
Austria,2005,8.49
Austria,2006,9.67
Austria,2007,10.33
Austria,2008,12.14
Austria,2009,12.38
Austria,2010,14.48
Austria,2011,15.73
Austria,2012,20.08
Austria,2013,26.32
Austria,2014,23.55
Austria,2015,26.64
Austria,2016,30.17
Austria,2017,42.06
Austria,2018,47.22
Austria,2019,46.03
Austria,2020,43.52
Austria,2021,47.25
Azerbaijan,2000,9.35
Azerbaijan,2001,8.86
Azerbaijan,2002,9.1
Azerbaijan,2003,9.08
Azerbaijan,2004,8.8
Azerbaijan,2005,8.84
Azerbaijan,2006,10.69
Azerbaijan,2007,8.56
Azerbaijan,2008,10.27
Azerbaijan,2009,9.98
Azerbaijan,2010,10
Azerbaijan,2011,10
Azerbaijan,2012,9.58
Azerbaijan,2013,9.19
Azerbaijan,2014,8.9
Azerbaijan,2015,8.3
Azerbaijan,2016,8.5
Azerbaijan,2017,8.05
Azerbaijan,2018,8.81
Azerbaijan,2019,8.52
Azerbaijan,2020,9.03
Azerbaijan,2021,7.84
Bahamas,2000,7.86
Bahamas,2001,8.07
Bahamas,2002,8.32
Bahamas,2003,8.72
Bahamas,2004,8.72
Bahamas,2005,8.81
Bahamas,2006,9.08
Bahamas,2007,9.3
Bahamas,2008,9.38
Bahamas,2009,9.57
Bahamas,2010,9.71
Bahamas,2011,9.8
Bahamas,2012,10.07
Bahamas,2013,10.43
Bahamas,2014,10.75
Bahamas,2015,11.01
Bahamas,2016,11.37
Bahamas,2017,11.67
Bahamas,2018,11.99
Bahamas,2019,12.43
Bahamas,2020,13.64
Bahamas,2021,11.77
Bahrain,2000,4.77
Bahrain,2001,4.88
Bahrain,2002,4.99
Bahrain,2003,5.08
Bahrain,2004,4.97
Bahrain,2005,4.84
Bahrain,2006,4.68
Bahrain,2007,4.59
Bahrain,2008,4.54
Bahrain,2009,4.52
Bahrain,2010,4.65
Bahrain,2011,4.84
Bahrain,2012,4.94
Bahrain,2013,5.09
Bahrain,2014,5.3
Bahrain,2015,5.49
Bahrain,2016,5.59
Bahrain,2017,5.55
Bahrain,2018,5.6
Bahrain,2019,5.87
Bahrain,2020,6.44
Bahrain,2021,7.27
Bangladesh,2000,4.02
Bangladesh,2001,4.15
Bangladesh,2002,4.32
Bangladesh,2003,4.45
Bangladesh,2004,4.53
Bangladesh,2005,4.71
Bangladesh,2006,4.91
Bangladesh,2007,5.03
Bangladesh,2008,5.1
Bangladesh,2009,5.17
Bangladesh,2010,5.21
Bangladesh,2011,5.14
Bangladesh,2012,5.09
Bangladesh,2013,5.23
Bangladesh,2014,5.43
Bangladesh,2015,5.59
Bangladesh,2016,5.82
Bangladesh,2017,6.19
Bangladesh,2018,6.49
Bangladesh,2019,6.83
Bangladesh,2020,7.37
Bangladesh,2021,7.37
Barbados,2000,18.79
Barbados,2001,18.79
Barbados,2002,18.97
Barbados,2003,19.37
Barbados,2004,19.8
Barbados,2005,19.86
Barbados,2006,19.79
Barbados,2007,19.76
Barbados,2008,19.91
Barbados,2009,20.22
Barbados,2010,20.32
Barbados,2011,20.19
Barbados,2012,20.04
Barbados,2013,20.25
Barbados,2014,20.58
Barbados,2015,20.7
Barbados,2016,21.12
Barbados,2017,21.28
Barbados,2018,21.68
Barbados,2019,22.23
Barbados,2020,21.71
Barbados,2021,22.09
Belarus,2000,22.89
Belarus,2001,23.53
Belarus,2002,23.74
Belarus,2003,24.16
Belarus,2004,24.44
Belarus,2005,24.99
Belarus,2006,25.97
Belarus,2007,26.96
Belarus,2008,28.05
Belarus,2009,28.85
Belarus,2010,30.47
Belarus,2011,29.76
Belarus,2012,31.93
Belarus,2013,32.58
Belarus,2014,32.75
Belarus,2015,34.45
Belarus,2016,34.69
Belarus,2017,35.6
Belarus,2018,37.01
Belarus,2019,35.57
Belarus,2020,33.98
Belarus,2021,33.31
Belgium,2000,36.06
Belgium,2001,38.65
Belgium,2002,40.47
Belgium,2003,43.82
Belgium,2004,40.58
Belgium,2005,43.24
Belgium,2006,46.34
Belgium,2007,47.22
Belgium,2008,52.91
Belgium,2009,53.72
Belgium,2010,55.54
Belgium,2011,56.29
Belgium,2012,66.64
Belgium,2013,67.58
Belgium,2014,63.56
Belgium,2015,72.19
Belgium,2016,69.69
Belgium,2017,74.6
Belgium,2018,72.73
Belgium,2019,75.03
Belgium,2020,69.1
Belgium,2021,64.98
Belize,2000,5.45
Belize,2001,5.3
Belize,2002,5.23
Belize,2003,5.15
Belize,2004,5.17
Belize,2005,5.08
Belize,2006,5.17
Belize,2007,5.23
Belize,2008,5.21
Belize,2009,5.45
Belize,2010,5.72
Belize,2011,5.83
Belize,2012,6.02
Belize,2013,6.21
Belize,2014,6.39
Belize,2015,6.49
Belize,2016,6.6
Belize,2017,6.8
Belize,2018,6.93
Belize,2019,7.04
Belize,2020,8.53
Belize,2021,8.01
Benin,2000,4.56
Benin,2001,4.53
Benin,2002,4.5
Benin,2003,4.46
Benin,2004,4.43
Benin,2005,4.39
Benin,2006,4.36
Benin,2007,4.31
Benin,2008,4.28
Benin,2009,4.25
Benin,2010,4.22
Benin,2011,4.21
Benin,2012,4.16
Benin,2013,4.14
Benin,2014,4.1
Benin,2015,4.05
Benin,2016,4.04
Benin,2017,4.01
Benin,2018,4
Benin,2019,3.99
Benin,2020,4.16
Benin,2021,4.03
Bhutan,2000,4.02
Bhutan,2001,4.42
Bhutan,2002,4.87
Bhutan,2003,5.45
Bhutan,2004,6.14
Bhutan,2005,6.68
Bhutan,2006,6.9
Bhutan,2007,6.96
Bhutan,2008,7.1
Bhutan,2009,7.25
Bhutan,2010,7.47
Bhutan,2011,7.81
Bhutan,2012,8.19
Bhutan,2013,8.66
Bhutan,2014,9.19
Bhutan,2015,9.89
Bhutan,2016,10.66
Bhutan,2017,11.07
Bhutan,2018,10.76
Bhutan,2019,10.41
Bhutan,2020,9.82
Bhutan,2021,9.72
Bolivia,2000,7.29
Bolivia,2001,7.16
Bolivia,2002,6.86
Bolivia,2003,6.61
Bolivia,2004,6.43
Bolivia,2005,6.29
Bolivia,2006,6.17
Bolivia,2007,6.11
Bolivia,2008,6.06
Bolivia,2009,6.02
Bolivia,2010,5.99
Bolivia,2011,5.99
Bolivia,2012,5.95
Bolivia,2013,5.96
Bolivia,2014,5.99
Bolivia,2015,6.02
Bolivia,2016,6.04
Bolivia,2017,6.06
Bolivia,2018,6.08
Bolivia,2019,6.1
Bolivia,2020,5.47
Bolivia,2021,5
Bosnia and Herzegovina,2000,16.03
Bosnia and Herzegovina,2001,16.54
Bosnia and Herzegovina,2002,17.09
Bosnia and Herzegovina,2003,17.81
Bosnia and Herzegovina,2004,18.76
Bosnia and Herzegovina,2005,19.79
Bosnia and Herzegovina,2006,20.87
Bosnia and Herzegovina,2007,22.16
Bosnia and Herzegovina,2008,23.19
Bosnia and Herzegovina,2009,24.34
Bosnia and Herzegovina,2010,25.28
Bosnia and Herzegovina,2011,26.1
Bosnia and Herzegovina,2012,26.95
Bosnia and Herzegovina,2013,27.98
Bosnia and Herzegovina,2014,29.11
Bosnia and Herzegovina,2015,30.15
Bosnia and Herzegovina,2016,31.24
Bosnia and Herzegovina,2017,32.46
Bosnia and Herzegovina,2018,33.59
Bosnia and Herzegovina,2019,34.92
Bosnia and Herzegovina,2020,37.04
Bosnia and Herzegovina,2021,38.73
Botswana,2000,4.01
Botswana,2001,4.14
Botswana,2002,4.13
Botswana,2003,4.16
Botswana,2004,4.43
Botswana,2005,4.85
Botswana,2006,4.76
Botswana,2007,5.07
Botswana,2008,5.49
Botswana,2009,5.67
Botswana,2010,5.67
Botswana,2011,5.77
Botswana,2012,5.95
Botswana,2013,6.1
Botswana,2014,6.11
Botswana,2015,6.05
Botswana,2016,6.23
Botswana,2017,6.33
Botswana,2018,6.31
Botswana,2019,6.21
Botswana,2020,6.9
Botswana,2021,5.33
Brazil,2000,1.92
Brazil,2001,2.27
Brazil,2002,2.79
Brazil,2003,3.18
Brazil,2004,3.7
Brazil,2005,4.15
Brazil,2006,4.84
Brazil,2007,5.51
Brazil,2008,5.99
Brazil,2009,6.69
Brazil,2010,7.83
Brazil,2011,8.49
Brazil,2012,8.78
Brazil,2013,9.25
Brazil,2014,10.12
Brazil,2015,10.88
Brazil,2016,11.62
Brazil,2017,12.34
Brazil,2018,13.04
Brazil,2019,14.78
Brazil,2020,15.16
Brazil,2021,16.29
Brunei,2000,0.35
Brunei,2001,0.56
Brunei,2002,0.39
Brunei,2003,0.47
Brunei,2004,0.39
Brunei,2005,0.37
Brunei,2006,0.4
Brunei,2007,0.39
Brunei,2008,0.47
Brunei,2009,0.77
Brunei,2010,1.19
Brunei,2011,1.91
Brunei,2012,2.16
Brunei,2013,2.19
Brunei,2014,3.48
Brunei,2015,5.49
Brunei,2016,8.34
Brunei,2017,10.46
Brunei,2018,11.98
Brunei,2019,12.38
Brunei,2020,11.3
Brunei,2021,10.64
Bulgaria,2000,1.59
Bulgaria,2001,1.67
Bulgaria,2002,1.47
Bulgaria,2003,1.38
Bulgaria,2004,1.32
Bulgaria,2005,1.41
Bulgaria,2006,1.54
Bulgaria,2007,1.9
Bulgaria,2008,2.27
Bulgaria,2009,2.2
Bulgaria,2010,2.33
Bulgaria,2011,2.63
Bulgaria,2012,3.51
Bulgaria,2013,2.71
Bulgaria,2014,2.24
Bulgaria,2015,2.8
Bulgaria,2016,2.52
Bulgaria,2017,2.05
Bulgaria,2018,2.16
Bulgaria,2019,2.38
Bulgaria,2020,2.54
Bulgaria,2021,1.87
Burkina Faso,2000,3.87
Burkina Faso,2001,3.77
Burkina Faso,2002,3.64
Burkina Faso,2003,3.61
Burkina Faso,2004,3.57
Burkina Faso,2005,3.51
Burkina Faso,2006,3.44
Burkina Faso,2007,3.36
Burkina Faso,2008,3.31
Burkina Faso,2009,3.25
Burkina Faso,2010,3.25
Burkina Faso,2011,3.24
Burkina Faso,2012,3.23
Burkina Faso,2013,3.23
Burkina Faso,2014,3.21
Burkina Faso,2015,3.18
Burkina Faso,2016,3.18
Burkina Faso,2017,3.18
Burkina Faso,2018,3.18
Burkina Faso,2019,3.16
Burkina Faso,2020,3.25
Burkina Faso,2021,3.15
Burundi,2000,3.3
Burundi,2001,3.35
Burundi,2002,3.42
Burundi,2003,3.51
Burundi,2004,3.63
Burundi,2005,3.68
Burundi,2006,3.69
Burundi,2007,3.69
Burundi,2008,3.76
Burundi,2009,3.92
Burundi,2010,4
Burundi,2011,3.88
Burundi,2012,3.83
Burundi,2013,3.83
Burundi,2014,3.8
Burundi,2015,3.71
Burundi,2016,3.66
Burundi,2017,3.71
Burundi,2018,3.79
Burundi,2019,3.9
Burundi,2020,4.06
Burundi,2021,4.18
Cambodia,2000,4.54
Cambodia,2001,4.67
Cambodia,2002,4.71
Cambodia,2003,4.89
Cambodia,2004,5.1
Cambodia,2005,5.32
Cambodia,2006,5.53
Cambodia,2007,5.77
Cambodia,2008,6.01
Cambodia,2009,6.28
Cambodia,2010,6.58
Cambodia,2011,6.9
Cambodia,2012,7.2
Cambodia,2013,7.49
Cambodia,2014,7.83
Cambodia,2015,8.14
Cambodia,2016,8.46
Cambodia,2017,8.8
Cambodia,2018,9.13
Cambodia,2019,9.48
Cambodia,2020,9.98
Cambodia,2021,9.99
Cameroon,2000,3.8
Cameroon,2001,3.86
Cameroon,2002,3.8
Cameroon,2003,3.82
Cameroon,2004,3.76
Cameroon,2005,3.79
Cameroon,2006,3.79
Cameroon,2007,3.78
Cameroon,2008,3.82
Cameroon,2009,3.81
Cameroon,2010,3.82
Cameroon,2011,3.81
Cameroon,2012,3.83
Cameroon,2013,3.85
Cameroon,2014,3.9
Cameroon,2015,3.87
Cameroon,2016,3.88
Cameroon,2017,3.86
Cameroon,2018,3.83
Cameroon,2019,3.83
Cameroon,2020,4
Cameroon,2021,3.74
Canada,2000,32.35
Canada,2001,34.41
Canada,2002,35.03
Canada,2003,35.18
Canada,2004,35.56
Canada,2005,38.59
Canada,2006,45.32
Canada,2007,47.15
Canada,2008,52.82
Canada,2009,52.47
Canada,2010,55.07
Canada,2011,57.75
Canada,2012,59.98
Canada,2013,64.78
Canada,2014,68.53
Canada,2015,70.96
Canada,2016,73.54
Canada,2017,80.24
Canada,2018,83.68
Canada,2019,84.68
Canada,2020,80.39
Canada,2021,80.69
Cape Verde,2000,5.43
Cape Verde,2001,5.78
Cape Verde,2002,6.25
Cape Verde,2003,6.84
Cape Verde,2004,7.57
Cape Verde,2005,8.49
Cape Verde,2006,9.51
Cape Verde,2007,10.78
Cape Verde,2008,12.29
Cape Verde,2009,13.98
Cape Verde,2010,14.56
Cape Verde,2011,14
Cape Verde,2012,13.63
Cape Verde,2013,13.5
Cape Verde,2014,13.51
Cape Verde,2015,13.32
Cape Verde,2016,13.48
Cape Verde,2017,13.49
Cape Verde,2018,13.73
Cape Verde,2019,13.61
Cape Verde,2020,13.75
Cape Verde,2021,13.83
Central African Republic,2000,4.66
Central African Republic,2001,4.44
Central African Republic,2002,4.4
Central African Republic,2003,4.14
Central African Republic,2004,4.03
Central African Republic,2005,3.82
Central African Republic,2006,3.9
Central African Republic,2007,3.76
Central African Republic,2008,3.7
Central African Republic,2009,3.8
Central African Republic,2010,3.67
Central African Republic,2011,3.93
Central African Republic,2012,3.57
Central African Republic,2013,3.55
Central African Republic,2014,3.61
Central African Republic,2015,3.62
Central African Republic,2016,3.75
Central African Republic,2017,3.79
Central African Republic,2018,3.92
Central African Republic,2019,4.04
Central African Republic,2020,4.17
Central African Republic,2021,3.7
Chad,2000,3.16
Chad,2001,3.09
Chad,2002,3.04
Chad,2003,3
Chad,2004,3.01
Chad,2005,2.99
Chad,2006,2.9
Chad,2007,2.8
Chad,2008,2.76
Chad,2009,2.73
Chad,2010,2.68
Chad,2011,2.64
Chad,2012,2.6
Chad,2013,2.57
Chad,2014,2.54
Chad,2015,2.46
Chad,2016,2.4
Chad,2017,2.41
Chad,2018,2.42
Chad,2019,2.4
Chad,2020,2.45
Chad,2021,2.21
Chile,2000,8.66
Chile,2001,15.21
Chile,2002,16.54
Chile,2003,17.8
Chile,2004,18.55
Chile,2005,18.74
Chile,2006,19.13
Chile,2007,22.24
Chile,2008,21.68
Chile,2009,22.22
Chile,2010,23.08
Chile,2011,21.48
Chile,2012,23.48
Chile,2013,21.61
Chile,2014,20.34
Chile,2015,19.02
Chile,2016,19.53
Chile,2017,20.73
Chile,2018,22.61
Chile,2019,23.11
Chile,2020,24.01
Chile,2021,32.66
China,2000,14.72
China,2001,15.33
China,2002,15.99
China,2003,16.74
China,2004,17.55
China,2005,18.36
China,2006,18.93
China,2007,19.59
China,2008,20.41
China,2009,21.3
China,2010,22.22
China,2011,22.98
China,2012,23.71
China,2013,24.55
China,2014,25.62
China,2015,26.62
China,2016,27.67
China,2017,28.71
China,2018,29.85
China,2019,31.08
China,2020,31.52
China,2021,35.74
Colombia,2000,0.36
Colombia,2001,0.4
Colombia,2002,0.49
Colombia,2003,0.48
Colombia,2004,0.4
Colombia,2005,0.47
Colombia,2006,0.48
Colombia,2007,0.53
Colombia,2008,0.78
Colombia,2009,0.69
Colombia,2010,1.06
Colombia,2011,0.85
Colombia,2012,1.14
Colombia,2013,1.28
Colombia,2014,1.89
Colombia,2015,2.64
Colombia,2016,3.27
Colombia,2017,3.27
Colombia,2018,3.96
Colombia,2019,6.05
Colombia,2020,6.35
Colombia,2021,7.42
Comoros,2000,7.67
Comoros,2001,7.73
Comoros,2002,7.75
Comoros,2003,7.73
Comoros,2004,7.79
Comoros,2005,7.88
Comoros,2006,7.94
Comoros,2007,7.99
Comoros,2008,8.1
Comoros,2009,8.18
Comoros,2010,8.32
Comoros,2011,8.4
Comoros,2012,8.48
Comoros,2013,8.49
Comoros,2014,8.62
Comoros,2015,8.67
Comoros,2016,8.73
Comoros,2017,8.78
Comoros,2018,8.87
Comoros,2019,9
Comoros,2020,9.33
Comoros,2021,9.05
Congo,2000,7.66
Congo,2001,7.57
Congo,2002,7.33
Congo,2003,6.99
Congo,2004,7.12
Congo,2005,7.06
Congo,2006,6.85
Congo,2007,6.84
Congo,2008,6.73
Congo,2009,6.78
Congo,2010,6.73
Congo,2011,6.61
Congo,2012,6.46
Congo,2013,6.21
Congo,2014,5.97
Congo,2015,5.75
Congo,2016,5.59
Congo,2017,5.52
Congo,2018,5.64
Congo,2019,5.78
Congo,2020,5.66
Congo,2021,5.39
Cook Islands,2000,9.94
Cook Islands,2001,10.13
Cook Islands,2002,10.05
Cook Islands,2003,10.35
Cook Islands,2004,10.85
Cook Islands,2005,11.55
Cook Islands,2006,11.91
Cook Islands,2007,11.87
Cook Islands,2008,12.02
Cook Islands,2009,12.02
Cook Islands,2010,12.26
Cook Islands,2011,12.61
Cook Islands,2012,13.22
Cook Islands,2013,13.84
Cook Islands,2014,14.48
Cook Islands,2015,15.37
Cook Islands,2016,16.07
Cook Islands,2017,16.79
Cook Islands,2018,17.56
Cook Islands,2019,18.06
Cook Islands,2020,18.73
Cook Islands,2021,19.88
Costa Rica,2000,1.96
Costa Rica,2001,2.65
Costa Rica,2002,3.09
Costa Rica,2003,2.97
Costa Rica,2004,4.48
Costa Rica,2005,3.87
Costa Rica,2006,5.5
Costa Rica,2007,5.95
Costa Rica,2008,6.59
Costa Rica,2009,6.02
Costa Rica,2010,6.68
Costa Rica,2011,7.56
Costa Rica,2012,8.96
Costa Rica,2013,9.3
Costa Rica,2014,9.15
Costa Rica,2015,9.31
Costa Rica,2016,9.45
Costa Rica,2017,12.18
Costa Rica,2018,11.41
Costa Rica,2019,16.27
Costa Rica,2020,14.64
Costa Rica,2021,14.92
Cote d'Ivoire,2000,2.91
Cote d'Ivoire,2001,2.82
Cote d'Ivoire,2002,2.78
Cote d'Ivoire,2003,2.84
Cote d'Ivoire,2004,2.88
Cote d'Ivoire,2005,2.98
Cote d'Ivoire,2006,3.14
Cote d'Ivoire,2007,3.33
Cote d'Ivoire,2008,3.61
Cote d'Ivoire,2009,3.79
Cote d'Ivoire,2010,3.98
Cote d'Ivoire,2011,3.92
Cote d'Ivoire,2012,3.79
Cote d'Ivoire,2013,3.68
Cote d'Ivoire,2014,3.56
Cote d'Ivoire,2015,3.46
Cote d'Ivoire,2016,3.42
Cote d'Ivoire,2017,3.41
Cote d'Ivoire,2018,3.38
Cote d'Ivoire,2019,3.37
Cote d'Ivoire,2020,3.54
Cote d'Ivoire,2021,3.28
Croatia,2000,6.21
Croatia,2001,6.37
Croatia,2002,6.27
Croatia,2003,5.67
Croatia,2004,6.83
Croatia,2005,7.97
Croatia,2006,9.39
Croatia,2007,10.62
Croatia,2008,10.9
Croatia,2009,11.09
Croatia,2010,14.22
Croatia,2011,13.26
Croatia,2012,16.44
Croatia,2013,16.17
Croatia,2014,18.44
Croatia,2015,22.3
Croatia,2016,21.24
Croatia,2017,27.4
Croatia,2018,28.01
Croatia,2019,26.02
Croatia,2020,28.78
Croatia,2021,35.87
Cuba,2000,15.14
Cuba,2001,16.74
Cuba,2002,16.11
Cuba,2003,19.05
Cuba,2004,21.45
Cuba,2005,23.65
Cuba,2006,22.65
Cuba,2007,24.49
Cuba,2008,28.94
Cuba,2009,32.17
Cuba,2010,34.46
Cuba,2011,32.13
Cuba,2012,33.42
Cuba,2013,36.16
Cuba,2014,42.26
Cuba,2015,44.92
Cuba,2016,42.59
Cuba,2017,45.09
Cuba,2018,49.82
Cuba,2019,47.67
Cuba,2020,48.81
Cuba,2021,52.26
Cyprus,2000,10.6
Cyprus,2001,10.55
Cyprus,2002,10.35
Cyprus,2003,10.3
Cyprus,2004,8.74
Cyprus,2005,8.52
Cyprus,2006,13.04
Cyprus,2007,13.3
Cyprus,2008,13.65
Cyprus,2009,13.07
Cyprus,2010,14.17
Cyprus,2011,15.93
Cyprus,2012,17.8
Cyprus,2013,18.16
Cyprus,2014,18.29
Cyprus,2015,26.87
Cyprus,2016,30.59
Cyprus,2017,32.93
Cyprus,2018,41.78
Cyprus,2019,37.42
Cyprus,2020,33.14
Cyprus,2021,39.51
Czechia,2000,5.11
Czechia,2001,6.14
Czechia,2002,6.39
Czechia,2003,6.93
Czechia,2004,7.6
Czechia,2005,8.54
Czechia,2006,9.29
Czechia,2007,5.12
Czechia,2008,5.71
Czechia,2009,4.18
Czechia,2010,4.78
Czechia,2011,17.42
Czechia,2012,19.76
Czechia,2013,22.58
Czechia,2014,23.73
Czechia,2015,28.07
Czechia,2016,29.16
Czechia,2017,33.25
Czechia,2018,35.04
Czechia,2019,36.6
Czechia,2020,42.53
Czechia,2021,38.95
Democratic Republic of Congo,2000,5.23
Democratic Republic of Congo,2001,5.33
Democratic Republic of Congo,2002,5.4
Democratic Republic of Congo,2003,5.51
Democratic Republic of Congo,2004,5.62
Democratic Republic of Congo,2005,5.69
Democratic Republic of Congo,2006,5.74
Democratic Republic of Congo,2007,5.87
Democratic Republic of Congo,2008,5.94
Democratic Republic of Congo,2009,5.95
Democratic Republic of Congo,2010,6.01
Democratic Republic of Congo,2011,6.06
Democratic Republic of Congo,2012,6.11
Democratic Republic of Congo,2013,6.19
Democratic Republic of Congo,2014,6.28
Democratic Republic of Congo,2015,6.32
Democratic Republic of Congo,2016,6.41
Democratic Republic of Congo,2017,6.53
Democratic Republic of Congo,2018,6.59
Democratic Republic of Congo,2019,6.61
Democratic Republic of Congo,2020,6.91
Democratic Republic of Congo,2021,6.71
Denmark,2000,26.32
Denmark,2001,30.84
Denmark,2002,35.69
Denmark,2003,33.39
Denmark,2004,34.92
Denmark,2005,41.87
Denmark,2006,45.92
Denmark,2007,49.97
Denmark,2008,54.09
Denmark,2009,57.5
Denmark,2010,60.76
Denmark,2011,60.04
Denmark,2012,61.55
Denmark,2013,65.98
Denmark,2014,66.11
Denmark,2015,72.44
Denmark,2016,76.92
Denmark,2017,81.15
Denmark,2018,87.01
Denmark,2019,84.18
Denmark,2020,81.02
Denmark,2021,90.48
Djibouti,2000,5.12
Djibouti,2001,5.2
Djibouti,2002,5.58
Djibouti,2003,5.71
Djibouti,2004,5.97
Djibouti,2005,6.05
Djibouti,2006,6.16
Djibouti,2007,6.36
Djibouti,2008,6.37
Djibouti,2009,6.51
Djibouti,2010,6.42
Djibouti,2011,6.72
Djibouti,2012,6.94
Djibouti,2013,7.2
Djibouti,2014,7.66
Djibouti,2015,7.82
Djibouti,2016,8.09
Djibouti,2017,8.43
Djibouti,2018,8.69
Djibouti,2019,8.96
Djibouti,2020,9.56
Djibouti,2021,9.21
Dominica,2000,18.67
Dominica,2001,19.13
Dominica,2002,19.21
Dominica,2003,19.26
Dominica,2004,19.25
Dominica,2005,19.48
Dominica,2006,19.86
Dominica,2007,20.44
Dominica,2008,21.39
Dominica,2009,22.55
Dominica,2010,24.06
Dominica,2011,24.08
Dominica,2012,22.34
Dominica,2013,21.51
Dominica,2014,18.75
Dominica,2015,16.2
Dominica,2016,16.14
Dominica,2017,15.16
Dominica,2018,14.43
Dominica,2019,13.86
Dominica,2020,13.04
Dominica,2021,12.51
Dominican Republic,2000,7.31
Dominican Republic,2001,7.61
Dominican Republic,2002,7.73
Dominican Republic,2003,7.62
Dominican Republic,2004,7.72
Dominican Republic,2005,7.9
Dominican Republic,2006,7.99
Dominican Republic,2007,8.07
Dominican Republic,2008,8.25
Dominican Republic,2009,8.47
Dominican Republic,2010,8.56
Dominican Republic,2011,8.77
Dominican Republic,2012,9.06
Dominican Republic,2013,9.35
Dominican Republic,2014,9.57
Dominican Republic,2015,9.9
Dominican Republic,2016,10.19
Dominican Republic,2017,10.47
Dominican Republic,2018,10.78
Dominican Republic,2019,11.12
Dominican Republic,2020,11.6
Dominican Republic,2021,11.47
East Timor,2000,3.39
East Timor,2001,3.67
East Timor,2002,3.78
East Timor,2003,4.27
East Timor,2004,4.75
East Timor,2005,5.06
East Timor,2006,5.28
East Timor,2007,5.57
East Timor,2008,6.05
East Timor,2009,7.31
East Timor,2010,7.75
East Timor,2011,7.93
East Timor,2012,7.79
East Timor,2013,7.96
East Timor,2014,8.27
East Timor,2015,8.14
East Timor,2016,7.92
East Timor,2017,7.55
East Timor,2018,7.44
East Timor,2019,7.37
East Timor,2020,7.06
East Timor,2021,7.42
Ecuador,2000,0.99
Ecuador,2001,0.96
Ecuador,2002,0.75
Ecuador,2003,1.11
Ecuador,2004,1.07
Ecuador,2005,1.14
Ecuador,2006,1.37
Ecuador,2007,1.56
Ecuador,2008,1.59
Ecuador,2009,2.16
Ecuador,2010,1.97
Ecuador,2011,2.86
Ecuador,2012,3.01
Ecuador,2013,2.82
Ecuador,2014,3.14
Ecuador,2015,3.69
Ecuador,2016,4.24
Ecuador,2017,4.4
Ecuador,2018,4.49
Ecuador,2019,4.84
Ecuador,2020,5.31
Ecuador,2021,5.05
Egypt,2000,5.11
Egypt,2001,5.28
Egypt,2002,5.28
Egypt,2003,5.34
Egypt,2004,5.19
Egypt,2005,5.12
Egypt,2006,5.09
Egypt,2007,5.1
Egypt,2008,5.09
Egypt,2009,4.88
Egypt,2010,4.9
Egypt,2011,4.9
Egypt,2012,5.17
Egypt,2013,4.8
Egypt,2014,5.05
Egypt,2015,5.44
Egypt,2016,5.32
Egypt,2017,5.4
Egypt,2018,5.51
Egypt,2019,5.51
Egypt,2020,5.62
Egypt,2021,5.8
El Salvador,2000,10.65
El Salvador,2001,11.72
El Salvador,2002,11.67
El Salvador,2003,12.78
El Salvador,2004,12.76
El Salvador,2005,13.59
El Salvador,2006,13.99
El Salvador,2007,14.36
El Salvador,2008,15.41
El Salvador,2009,15.28
El Salvador,2010,16.67
El Salvador,2011,16.4
El Salvador,2012,17.09
El Salvador,2013,17.92
El Salvador,2014,18.75
El Salvador,2015,18.51
El Salvador,2016,17.99
El Salvador,2017,19.75
El Salvador,2018,18.43
El Salvador,2019,18.96
El Salvador,2020,21.82
El Salvador,2021,20.87
Equatorial Guinea,2000,6.7
Equatorial Guinea,2001,6.53
Equatorial Guinea,2002,6.44
Equatorial Guinea,2003,6.46
Equatorial Guinea,2004,6.52
Equatorial Guinea,2005,6.59
Equatorial Guinea,2006,6.74
Equatorial Guinea,2007,6.96
Equatorial Guinea,2008,7.37
Equatorial Guinea,2009,7.87
Equatorial Guinea,2010,8.54
Equatorial Guinea,2011,8.69
Equatorial Guinea,2012,8.57
Equatorial Guinea,2013,8.2
Equatorial Guinea,2014,7.95
Equatorial Guinea,2015,7.71
Equatorial Guinea,2016,7.45
Equatorial Guinea,2017,7.54
Equatorial Guinea,2018,7.54
Equatorial Guinea,2019,7.26
Equatorial Guinea,2020,7.45
Equatorial Guinea,2021,6.87
Eritrea,2000,5.24
Eritrea,2001,5.36
Eritrea,2002,5.59
Eritrea,2003,5.65
Eritrea,2004,5.91
Eritrea,2005,5.97
Eritrea,2006,6.02
Eritrea,2007,6.02
Eritrea,2008,6.23
Eritrea,2009,6.44
Eritrea,2010,6.58
Eritrea,2011,6.7
Eritrea,2012,6.83
Eritrea,2013,7.03
Eritrea,2014,7.27
Eritrea,2015,7.48
Eritrea,2016,7.7
Eritrea,2017,7.96
Eritrea,2018,8.26
Eritrea,2019,8.54
Eritrea,2020,8.92
Eritrea,2021,9.12
Estonia,2000,3.09
Estonia,2001,4.78
Estonia,2002,4.31
Estonia,2003,4.04
Estonia,2004,5.11
Estonia,2005,4.94
Estonia,2006,8.14
Estonia,2007,8.86
Estonia,2008,6.49
Estonia,2009,6.85
Estonia,2010,8.41
Estonia,2011,6.71
Estonia,2012,7.61
Estonia,2013,9.29
Estonia,2014,9.06
Estonia,2015,10.87
Estonia,2016,10.41
Estonia,2017,12.71
Estonia,2018,13.95
Estonia,2019,15.47
Estonia,2020,18.52
Estonia,2021,18.48
Eswatini,2000,3.6
Eswatini,2001,3.74
Eswatini,2002,3.78
Eswatini,2003,3.77
Eswatini,2004,3.83
Eswatini,2005,3.81
Eswatini,2006,3.81
Eswatini,2007,3.85
Eswatini,2008,3.95
Eswatini,2009,3.83
Eswatini,2010,4.66
Eswatini,2011,4.11
Eswatini,2012,4.46
Eswatini,2013,4.62
Eswatini,2014,4.86
Eswatini,2015,5.17
Eswatini,2016,5.43
Eswatini,2017,5.64
Eswatini,2018,5.92
Eswatini,2019,6.24
Eswatini,2020,6.77
Eswatini,2021,5.56
Ethiopia,2000,4.03
Ethiopia,2001,4.12
Ethiopia,2002,4.27
Ethiopia,2003,4.32
Ethiopia,2004,4.38
Ethiopia,2005,4.43
Ethiopia,2006,4.41
Ethiopia,2007,4.46
Ethiopia,2008,4.56
Ethiopia,2009,4.63
Ethiopia,2010,4.74
Ethiopia,2011,4.85
Ethiopia,2012,4.93
Ethiopia,2013,4.97
Ethiopia,2014,5.11
Ethiopia,2015,5.44
Ethiopia,2016,5.6
Ethiopia,2017,5.76
Ethiopia,2018,5.99
Ethiopia,2019,6.19
Ethiopia,2020,6.68
Ethiopia,2021,6.64
Europe,2000,19.976074
Europe,2001,21.99648
Europe,2002,22.996262
Europe,2003,24.852768
Europe,2004,23.826735
Europe,2005,25.403666
Europe,2006,26.714123
Europe,2007,28.125252
Europe,2008,30.709587
Europe,2009,32.336163
Europe,2010,34.118755
Europe,2011,37.89544
Europe,2012,42.378563
Europe,2013,44.71982
Europe,2014,46.2449
Europe,2015,51.90427
Europe,2016,53.007492
Europe,2017,57.350098
Europe,2018,59.509285
Europe,2019,59.215237
Europe,2020,60.164246
Europe,2021,59.895485
Fiji,2000,5.29
Fiji,2001,5.38
Fiji,2002,5.45
Fiji,2003,5.54
Fiji,2004,5.62
Fiji,2005,5.73
Fiji,2006,5.87
Fiji,2007,6.01
Fiji,2008,6.1
Fiji,2009,6.1
Fiji,2010,6.14
Fiji,2011,6.22
Fiji,2012,6.3
Fiji,2013,6.39
Fiji,2014,6.5
Fiji,2015,6.6
Fiji,2016,6.71
Fiji,2017,6.89
Fiji,2018,7.08
Fiji,2019,7.28
Fiji,2020,7.4
Fiji,2021,7.2
Finland,2000,59.47
Finland,2001,61.43
Finland,2002,63.87
Finland,2003,64.83
Finland,2004,65.79
Finland,2005,67.57
Finland,2006,71.41
Finland,2007,74.01
Finland,2008,76.9
Finland,2009,80.41
Finland,2010,83.91
Finland,2011,86.43
Finland,2012,91.24
Finland,2013,94.63
Finland,2014,98.82
Finland,2015,102.24
Finland,2016,105.71
Finland,2017,108.73
Finland,2018,112.68
Finland,2019,115.16
Finland,2020,119.1
Finland,2021,123.83
France,2000,37.96
France,2001,40.53
France,2002,42.85
France,2003,48.35
France,2004,41.79
France,2005,46.75
France,2006,47.05
France,2007,49.5
France,2008,53.18
France,2009,54.8
France,2010,56.55
France,2011,61.2
France,2012,69.8
France,2013,69.98
France,2014,67.69
France,2015,71.45
France,2016,72.42
France,2017,77.88
France,2018,76.46
France,2019,74.66
France,2020,70.46
France,2021,65.68
Gabon,2000,12.41
Gabon,2001,11.94
Gabon,2002,10.93
Gabon,2003,10.51
Gabon,2004,10.55
Gabon,2005,11.81
Gabon,2006,11.91
Gabon,2007,11.14
Gabon,2008,11.2
Gabon,2009,11.42
Gabon,2010,11.37
Gabon,2011,11.31
Gabon,2012,10.97
Gabon,2013,11.02
Gabon,2014,11.42
Gabon,2015,11.23
Gabon,2016,10.97
Gabon,2017,10.68
Gabon,2018,10.52
Gabon,2019,10.3
Gabon,2020,9.12
Gabon,2021,8.52
Gambia,2000,5.99
Gambia,2001,6
Gambia,2002,6.02
Gambia,2003,5.84
Gambia,2004,5.57
Gambia,2005,5.24
Gambia,2006,4.93
Gambia,2007,4.72
Gambia,2008,4.6
Gambia,2009,4.45
Gambia,2010,4.24
Gambia,2011,4.17
Gambia,2012,4.08
Gambia,2013,4.01
Gambia,2014,3.93
Gambia,2015,3.84
Gambia,2016,3.76
Gambia,2017,3.69
Gambia,2018,3.63
Gambia,2019,3.62
Gambia,2020,3.74
Gambia,2021,3.49
Georgia,2000,0.1
Georgia,2001,0
Georgia,2002,0.07
Georgia,2003,0.05
Georgia,2004,0.06
Georgia,2005,0.08
Georgia,2006,0.03
Georgia,2007,0.08
Georgia,2008,0.38
Georgia,2009,0.13
Georgia,2010,0.35
Georgia,2011,2.64
Georgia,2012,3.15
Georgia,2013,2.68
Georgia,2014,3.35
Georgia,2015,2.9
Georgia,2016,3.27
Georgia,2017,2.54
Georgia,2018,3.5
Georgia,2019,4.13
Georgia,2020,4.8
Georgia,2021,6.76
Germany,2000,7.79
Germany,2001,8.21
Germany,2002,8.73
Germany,2003,9.44
Germany,2004,10.46
Germany,2005,12.37
Germany,2006,16.51
Germany,2007,17.53
Germany,2008,21.67
Germany,2009,26.66
Germany,2010,29.64
Germany,2011,32.51
Germany,2012,37.3
Germany,2013,44.75
Germany,2014,44.82
Germany,2015,55.33
Germany,2016,57.77
Germany,2017,66.21
Germany,2018,74.75
Germany,2019,76.22
Germany,2020,78.68
Germany,2021,79.01
Ghana,2000,2.42
Ghana,2001,2.58
Ghana,2002,2.72
Ghana,2003,2.85
Ghana,2004,2.96
Ghana,2005,3.05
Ghana,2006,3.15
Ghana,2007,3.22
Ghana,2008,3.32
Ghana,2009,3.42
Ghana,2010,3.48
Ghana,2011,3.56
Ghana,2012,3.62
Ghana,2013,3.72
Ghana,2014,3.77
Ghana,2015,3.83
Ghana,2016,3.88
Ghana,2017,3.97
Ghana,2018,4.04
Ghana,2019,4.1
Ghana,2020,4.27
Ghana,2021,4.28
Greece,2000,5.67
Greece,2001,6.27
Greece,2002,5.81
Greece,2003,5.92
Greece,2004,6.45
Greece,2005,5.7
Greece,2006,5.05
Greece,2007,5.35
Greece,2008,4.36
Greece,2009,4.76
Greece,2010,4.64
Greece,2011,4.68
Greece,2012,6.96
Greece,2013,5.77
Greece,2014,12.29
Greece,2015,17.95
Greece,2016,20.34
Greece,2017,24.93
Greece,2018,24.94
Greece,2019,28.38
Greece,2020,38.43
Greece,2021,45.3
Grenada,2000,4.73
Grenada,2001,5.74
Grenada,2002,5.28
Grenada,2003,5.54
Grenada,2004,5.65
Grenada,2005,6.4
Grenada,2006,3.78
Grenada,2007,3.54
Grenada,2008,3.91
Grenada,2009,4.57
Grenada,2010,6.18
Grenada,2011,8.04
Grenada,2012,8.64
Grenada,2013,12.41
Grenada,2014,9.95
Grenada,2015,10.57
Grenada,2016,9.11
Grenada,2017,12.61
Grenada,2018,10.65
Grenada,2019,8.16
Grenada,2020,7.92
Grenada,2021,7.26
Guatemala,2000,4.42
Guatemala,2001,4.74
Guatemala,2002,4.88
Guatemala,2003,5.08
Guatemala,2004,5.34
Guatemala,2005,5.57
Guatemala,2006,5.7
Guatemala,2007,5.87
Guatemala,2008,6.1
Guatemala,2009,6.37
Guatemala,2010,6.66
Guatemala,2011,6.84
Guatemala,2012,7.15
Guatemala,2013,7.39
Guatemala,2014,7.65
Guatemala,2015,7.8
Guatemala,2016,7.95
Guatemala,2017,8.23
Guatemala,2018,8.16
Guatemala,2019,8.27
Guatemala,2020,9.43
Guatemala,2021,8.02
Guinea,2000,4.23
Guinea,2001,4.29
Guinea,2002,4.32
Guinea,2003,4.36
Guinea,2004,4.38
Guinea,2005,4.33
Guinea,2006,4.41
Guinea,2007,4.43
Guinea,2008,4.46
Guinea,2009,4.41
Guinea,2010,4.51
Guinea,2011,4.51
Guinea,2012,4.49
Guinea,2013,4.5
Guinea,2014,4.46
Guinea,2015,4.44
Guinea,2016,4.44
Guinea,2017,4.46
Guinea,2018,4.46
Guinea,2019,4.49
Guinea,2020,4.65
Guinea,2021,4.53
Guinea-Bissau,2000,5.45
Guinea-Bissau,2001,5.11
Guinea-Bissau,2002,4.8
Guinea-Bissau,2003,4.46
Guinea-Bissau,2004,4.27
Guinea-Bissau,2005,3.92
Guinea-Bissau,2006,3.82
Guinea-Bissau,2007,3.64
Guinea-Bissau,2008,3.5
Guinea-Bissau,2009,3.4
Guinea-Bissau,2010,3.26
Guinea-Bissau,2011,3.11
Guinea-Bissau,2012,2.98
Guinea-Bissau,2013,2.96
Guinea-Bissau,2014,2.96
Guinea-Bissau,2015,2.96
Guinea-Bissau,2016,2.91
Guinea-Bissau,2017,2.88
Guinea-Bissau,2018,2.78
Guinea-Bissau,2019,2.9
Guinea-Bissau,2020,3.09
Guinea-Bissau,2021,2.69
Guyana,2000,0.44
Guyana,2001,0.42
Guyana,2002,0.47
Guyana,2003,0.56
Guyana,2004,0.75
Guyana,2005,1.15
Guyana,2006,1.31
Guyana,2007,1.65
Guyana,2008,1.5
Guyana,2009,1.44
Guyana,2010,1.29
Guyana,2011,1.12
Guyana,2012,1.18
Guyana,2013,1.07
Guyana,2014,1.21
Guyana,2015,1.11
Guyana,2016,1
Guyana,2017,0.9
Guyana,2018,0.9
Guyana,2019,1.04
Guyana,2020,0.99
Guyana,2021,0.7
Haiti,2000,3.79
Haiti,2001,3.8
Haiti,2002,3.82
Haiti,2003,3.86
Haiti,2004,3.88
Haiti,2005,3.9
Haiti,2006,3.92
Haiti,2007,3.98
Haiti,2008,4
Haiti,2009,4.03
Haiti,2010,4.03
Haiti,2011,4.04
Haiti,2012,4.09
Haiti,2013,4.14
Haiti,2014,4.18
Haiti,2015,4.24
Haiti,2016,4.29
Haiti,2017,4.34
Haiti,2018,4.41
Haiti,2019,4.48
Haiti,2020,4.75
Haiti,2021,4.53
Honduras,2000,4.7
Honduras,2001,4.66
Honduras,2002,4.68
Honduras,2003,4.75
Honduras,2004,4.81
Honduras,2005,4.94
Honduras,2006,5.03
Honduras,2007,5.1
Honduras,2008,5.13
Honduras,2009,5.11
Honduras,2010,5.18
Honduras,2011,5.25
Honduras,2012,5.85
Honduras,2013,5.99
Honduras,2014,6.19
Honduras,2015,6.37
Honduras,2016,6.28
Honduras,2017,6.49
Honduras,2018,6.61
Honduras,2019,6.78
Honduras,2020,6.92
Honduras,2021,6.25
Hungary,2000,9.62
Hungary,2001,9.42
Hungary,2002,10.8
Hungary,2003,10.79
Hungary,2004,10.22
Hungary,2005,7.92
Hungary,2006,18.63
Hungary,2007,20.82
Hungary,2008,23.87
Hungary,2009,25.08
Hungary,2010,27.49
Hungary,2011,27.31
Hungary,2012,31.06
Hungary,2013,32.26
Hungary,2014,32.93
Hungary,2015,38.47
Hungary,2016,36.15
Hungary,2017,41.56
Hungary,2018,43.65
Hungary,2019,47.49
Hungary,2020,47.41
Hungary,2021,43.03
Iceland,2000,35.06
Iceland,2001,36.44
Iceland,2002,36.35
Iceland,2003,38.61
Iceland,2004,41.75
Iceland,2005,45.52
Iceland,2006,48.53
Iceland,2007,50.13
Iceland,2008,50.26
Iceland,2009,50.43
Iceland,2010,51.55
Iceland,2011,54.9
Iceland,2012,58
Iceland,2013,62.18
Iceland,2014,64.09
Iceland,2015,68.11
Iceland,2016,67.18
Iceland,2017,72.29
Iceland,2018,75.41
Iceland,2019,78.41
Iceland,2020,77.85
Iceland,2021,78.39
India,2000,4.58
India,2001,4.69
India,2002,4.86
India,2003,5.05
India,2004,5.23
India,2005,5.36
India,2006,5.52
India,2007,5.71
India,2008,5.84
India,2009,5.93
India,2010,6.07
India,2011,6.25
India,2012,6.46
India,2013,6.87
India,2014,7.25
India,2015,7.57
India,2016,7.93
India,2017,8.38
India,2018,8.79
India,2019,9.22
India,2020,9.85
India,2021,9.21
Indonesia,2000,6.55
Indonesia,2001,6.75
Indonesia,2002,6.96
Indonesia,2003,7.17
Indonesia,2004,7.38
Indonesia,2005,7.61
Indonesia,2006,7.81
Indonesia,2007,8.06
Indonesia,2008,8.28
Indonesia,2009,8.51
Indonesia,2010,8.76
Indonesia,2011,9.05
Indonesia,2012,9.29
Indonesia,2013,9.51
Indonesia,2014,9.78
Indonesia,2015,10.02
Indonesia,2016,10.35
Indonesia,2017,10.7
Indonesia,2018,11.05
Indonesia,2019,11.42
Indonesia,2020,11.52
Indonesia,2021,10.38
Iran,2000,6.39
Iran,2001,6.55
Iran,2002,6.77
Iran,2003,6.97
Iran,2004,7.16
Iran,2005,7.33
Iran,2006,7.53
Iran,2007,7.8
Iran,2008,8.03
Iran,2009,8.27
Iran,2010,8.52
Iran,2011,8.81
Iran,2012,9.12
Iran,2013,9.52
Iran,2014,9.86
Iran,2015,10.12
Iran,2016,10.49
Iran,2017,10.89
Iran,2018,11.28
Iran,2019,11.76
Iran,2020,13.54
Iran,2021,12.77
Iraq,2000,6.03
Iraq,2001,5.91
Iraq,2002,5.8
Iraq,2003,5.68
Iraq,2004,5.59
Iraq,2005,5.5
Iraq,2006,5.41
Iraq,2007,5.36
Iraq,2008,5.32
Iraq,2009,5.27
Iraq,2010,5.2
Iraq,2011,5.16
Iraq,2012,5.1
Iraq,2013,5.05
Iraq,2014,5.02
Iraq,2015,4.98
Iraq,2016,5.01
Iraq,2017,5.06
Iraq,2018,5.18
Iraq,2019,5.32
Iraq,2020,6.23
Iraq,2021,5.55
Ireland,2000,13.74
Ireland,2001,13.67
Ireland,2002,13.05
Ireland,2003,13.68
Ireland,2004,13.98
Ireland,2005,13.55
Ireland,2006,15.8
Ireland,2007,19.25
Ireland,2008,17.14
Ireland,2009,21.57
Ireland,2010,22.2
Ireland,2011,27.97
Ireland,2012,34.35
Ireland,2013,40.14
Ireland,2014,43.04
Ireland,2015,48.3
Ireland,2016,49.36
Ireland,2017,49.17
Ireland,2018,52.57
Ireland,2019,52.84
Ireland,2020,48.54
Ireland,2021,49.8
Israel,2000,11.58
Israel,2001,10.56
Israel,2002,10.67
Israel,2003,13.44
Israel,2004,11.84
Israel,2005,10.89
Israel,2006,10.27
Israel,2007,12.68
Israel,2008,19.55
Israel,2009,18.76
Israel,2010,21.87
Israel,2011,22.41
Israel,2012,23.95
Israel,2013,23.94
Israel,2014,24.94
Israel,2015,26.88
Israel,2016,29.15
Israel,2017,31.52
Israel,2018,32.99
Israel,2019,36.9
Israel,2020,33.85
Israel,2021,42.48
Italy,2000,24.33
Italy,2001,26.11
Italy,2002,26.95
Italy,2003,30.44
Italy,2004,25.35
Italy,2005,28.11
Italy,2006,29.03
Italy,2007,31.57
Italy,2008,40.24
Italy,2009,41.86
Italy,2010,41.62
Italy,2011,45.46
Italy,2012,48.69
Italy,2013,47.4
Italy,2014,48.09
Italy,2015,57.35
Italy,2016,56.38
Italy,2017,63.9
Italy,2018,63.09
Italy,2019,65.94
Italy,2020,70.36
Italy,2021,69.6
Jamaica,2000,17.01
Jamaica,2001,16.74
Jamaica,2002,16.04
Jamaica,2003,16.79
Jamaica,2004,16.72
Jamaica,2005,18.77
Jamaica,2006,16.54
Jamaica,2007,20.71
Jamaica,2008,20.34
Jamaica,2009,16.52
Jamaica,2010,17.22
Jamaica,2011,17.26
Jamaica,2012,17.94
Jamaica,2013,17.89
Jamaica,2014,19.69
Jamaica,2015,18.63
Jamaica,2016,19.24
Jamaica,2017,18.69
Jamaica,2018,18.87
Jamaica,2019,19.35
Jamaica,2020,20.44
Jamaica,2021,22.37
Japan,2000,3.73
Japan,2001,4.1
Japan,2002,4.19
Japan,2003,4.36
Japan,2004,4.88
Japan,2005,5.2
Japan,2006,6.23
Japan,2007,7.11
Japan,2008,8.32
Japan,2009,9.15
Japan,2010,10.84
Japan,2011,13.52
Japan,2012,16.29
Japan,2013,19.13
Japan,2014,21.29
Japan,2015,23.56
Japan,2016,26.26
Japan,2017,39.14
Japan,2018,42.88
Japan,2019,46.51
Japan,2020,47.31
Japan,2021,52.6
Jordan,2000,4.2
Jordan,2001,4.31
Jordan,2002,4.39
Jordan,2003,4.41
Jordan,2004,4.49
Jordan,2005,4.62
Jordan,2006,4.72
Jordan,2007,4.75
Jordan,2008,4.84
Jordan,2009,4.95
Jordan,2010,5.05
Jordan,2011,5.17
Jordan,2012,5.31
Jordan,2013,5.14
Jordan,2014,4.77
Jordan,2015,4.66
Jordan,2016,4.77
Jordan,2017,4.93
Jordan,2018,5.08
Jordan,2019,5.29
Jordan,2020,6.35
Jordan,2021,6.03
Kazakhstan,2000,9.16
Kazakhstan,2001,9.94
Kazakhstan,2002,9.94
Kazakhstan,2003,10.01
Kazakhstan,2004,9.57
Kazakhstan,2005,9.67
Kazakhstan,2006,9.46
Kazakhstan,2007,9.47
Kazakhstan,2008,9.59
Kazakhstan,2009,9.38
Kazakhstan,2010,9.8
Kazakhstan,2011,9.7
Kazakhstan,2012,9.44
Kazakhstan,2013,9.65
Kazakhstan,2014,9.76
Kazakhstan,2015,9.82
Kazakhstan,2016,10.04
Kazakhstan,2017,10.08
Kazakhstan,2018,10.21
Kazakhstan,2019,10.41
Kazakhstan,2020,10.16
Kazakhstan,2021,10.19
Kenya,2000,3.02
Kenya,2001,3.05
Kenya,2002,3.13
Kenya,2003,3.14
Kenya,2004,3.19
Kenya,2005,3.24
Kenya,2006,3.31
Kenya,2007,3.4
Kenya,2008,3.5
Kenya,2009,3.59
Kenya,2010,3.86
Kenya,2011,4.32
Kenya,2012,4.7
Kenya,2013,5.18
Kenya,2014,5.66
Kenya,2015,6.13
Kenya,2016,6.49
Kenya,2017,6.88
Kenya,2018,7.44
Kenya,2019,7.59
Kenya,2020,6.52
Kenya,2021,6.44
Kiribati,2000,5.35
Kiribati,2001,5.47
Kiribati,2002,5.66
Kiribati,2003,5.76
Kiribati,2004,5.87
Kiribati,2005,6.07
Kiribati,2006,6.18
Kiribati,2007,6.13
Kiribati,2008,6.04
Kiribati,2009,5.94
Kiribati,2010,5.83
Kiribati,2011,5.81
Kiribati,2012,5.79
Kiribati,2013,5.76
Kiribati,2014,5.76
Kiribati,2015,5.72
Kiribati,2016,5.7
Kiribati,2017,5.72
Kiribati,2018,5.73
Kiribati,2019,5.8
Kiribati,2020,6.11
Kiribati,2021,6.46
Kuwait,2000,2.86
Kuwait,2001,3.04
Kuwait,2002,3.17
Kuwait,2003,3.2
Kuwait,2004,3.19
Kuwait,2005,3.16
Kuwait,2006,3.16
Kuwait,2007,3.1
Kuwait,2008,3.09
Kuwait,2009,3.04
Kuwait,2010,3.04
Kuwait,2011,3.04
Kuwait,2012,3.09
Kuwait,2013,3.18
Kuwait,2014,3.37
Kuwait,2015,3.56
Kuwait,2016,3.76
Kuwait,2017,4.07
Kuwait,2018,4.34
Kuwait,2019,4.74
Kuwait,2020,5.3
Kuwait,2021,6.19
Kyrgyzstan,2000,8.74
Kyrgyzstan,2001,8.03
Kyrgyzstan,2002,8.67
Kyrgyzstan,2003,8.43
Kyrgyzstan,2004,7.68
Kyrgyzstan,2005,7.67
Kyrgyzstan,2006,7.41
Kyrgyzstan,2007,7.04
Kyrgyzstan,2008,7.19
Kyrgyzstan,2009,7.7
Kyrgyzstan,2010,7.92
Kyrgyzstan,2011,7.89
Kyrgyzstan,2012,8.03
Kyrgyzstan,2013,7.62
Kyrgyzstan,2014,7.78
Kyrgyzstan,2015,7.62
Kyrgyzstan,2016,7.2
Kyrgyzstan,2017,7.33
Kyrgyzstan,2018,7.65
Kyrgyzstan,2019,7.78
Kyrgyzstan,2020,6.84
Kyrgyzstan,2021,6.41
Laos,2000,4.98
Laos,2001,5.55
Laos,2002,6.17
Laos,2003,6.77
Laos,2004,7.47
Laos,2005,7.66
Laos,2006,7.29
Laos,2007,6.99
Laos,2008,6.91
Laos,2009,6.96
Laos,2010,7.23
Laos,2011,7.69
Laos,2012,8.23
Laos,2013,8.85
Laos,2014,9.65
Laos,2015,9.51
Laos,2016,8.55
Laos,2017,7.87
Laos,2018,7.38
Laos,2019,7.03
Laos,2020,7.52
Laos,2021,6.77
Latvia,2000,1.65
Latvia,2001,2.76
Latvia,2002,3.78
Latvia,2003,4.03
Latvia,2004,3.5
Latvia,2005,5.42
Latvia,2006,5.9
Latvia,2007,10.03
Latvia,2008,8.03
Latvia,2009,9.05
Latvia,2010,8.53
Latvia,2011,8.36
Latvia,2012,8.94
Latvia,2013,11.95
Latvia,2014,11.93
Latvia,2015,13.51
Latvia,2016,21.11
Latvia,2017,24.4
Latvia,2018,29.68
Latvia,2019,30.04
Latvia,2020,33.55
Latvia,2021,34.55
Lebanon,2000,8.52
Lebanon,2001,8.85
Lebanon,2002,9.4
Lebanon,2003,9.9
Lebanon,2004,10.32
Lebanon,2005,10.77
Lebanon,2006,11.17
Lebanon,2007,11.72
Lebanon,2008,12.28
Lebanon,2009,12.75
Lebanon,2010,13.26
Lebanon,2011,13.88
Lebanon,2012,14.42
Lebanon,2013,14.94
Lebanon,2014,15.37
Lebanon,2015,16.15
Lebanon,2016,17.27
Lebanon,2017,18.51
Lebanon,2018,19.73
Lebanon,2019,21.11
Lebanon,2020,21.43
Lebanon,2021,21.07
Lesotho,2000,6.8
Lesotho,2001,5.85
Lesotho,2002,6.24
Lesotho,2003,6.71
Lesotho,2004,6.57
Lesotho,2005,7.05
Lesotho,2006,7.41
Lesotho,2007,7.61
Lesotho,2008,7.33
Lesotho,2009,7.33
Lesotho,2010,8.2
Lesotho,2011,8.33
Lesotho,2012,7.86
Lesotho,2013,8.08
Lesotho,2014,8.39
Lesotho,2015,8.53
Lesotho,2016,8.63
Lesotho,2017,8.65
Lesotho,2018,8.71
Lesotho,2019,8.77
Lesotho,2020,8.32
Lesotho,2021,8.12
Liberia,2000,2.65
Liberia,2001,2.68
Liberia,2002,2.86
Liberia,2003,2.75
Liberia,2004,2.95
Liberia,2005,2.86
Liberia,2006,2.96
Liberia,2007,2.97
Liberia,2008,3.03
Liberia,2009,3.15
Liberia,2010,3.24
Liberia,2011,3.4
Liberia,2012,3.42
Liberia,2013,3.3
Liberia,2014,3
Liberia,2015,3.15
Liberia,2016,3.27
Liberia,2017,3.34
Liberia,2018,3.35
Liberia,2019,3.42
Liberia,2020,3.51
Liberia,2021,3.44
Libya,2000,6.76
Libya,2001,7
Libya,2002,7.15
Libya,2003,7.24
Libya,2004,7.27
Libya,2005,7.42
Libya,2006,7.42
Libya,2007,7.67
Libya,2008,7.94
Libya,2009,8.14
Libya,2010,8.29
Libya,2011,9.12
Libya,2012,9.71
Libya,2013,9.63
Libya,2014,9.93
Libya,2015,10.09
Libya,2016,10.36
Libya,2017,10.66
Libya,2018,10.92
Libya,2019,11.02
Libya,2020,11.66
Libya,2021,11.17
Lithuania,2000,2.09
Lithuania,2001,1.76
Lithuania,2002,1.64
Lithuania,2003,1.83
Lithuania,2004,2.31
Lithuania,2005,2.8
Lithuania,2006,3.39
Lithuania,2007,4.06
Lithuania,2008,5.19
Lithuania,2009,4.41
Lithuania,2010,6.4
Lithuania,2011,6.04
Lithuania,2012,6.91
Lithuania,2013,9.2
Lithuania,2014,9.07
Lithuania,2015,10.37
Lithuania,2016,11.63
Lithuania,2017,16.94
Lithuania,2018,18.46
Lithuania,2019,19.69
Lithuania,2020,23.64
Lithuania,2021,27.19
Luxembourg,2000,22.18
Luxembourg,2001,21.72
Luxembourg,2002,22.31
Luxembourg,2003,21.34
Luxembourg,2004,24.01
Luxembourg,2005,23.52
Luxembourg,2006,24.01
Luxembourg,2007,24.55
Luxembourg,2008,22.81
Luxembourg,2009,23.47
Luxembourg,2010,25.25
Luxembourg,2011,32.57
Luxembourg,2012,37.93
Luxembourg,2013,40.81
Luxembourg,2014,42.58
Luxembourg,2015,43.32
Luxembourg,2016,46.15
Luxembourg,2017,48.33
Luxembourg,2018,50.41
Luxembourg,2019,55.03
Luxembourg,2020,50.65
Luxembourg,2021,56.23
Madagascar,2000,3.21
Madagascar,2001,3.19
Madagascar,2002,3.22
Madagascar,2003,3.25
Madagascar,2004,3.28
Madagascar,2005,3.28
Madagascar,2006,3.32
Madagascar,2007,3.34
Madagascar,2008,3.37
Madagascar,2009,3.41
Madagascar,2010,3.47
Madagascar,2011,3.52
Madagascar,2012,3.54
Madagascar,2013,3.6
Madagascar,2014,3.67
Madagascar,2015,3.72
Madagascar,2016,3.78
Madagascar,2017,3.84
Madagascar,2018,3.93
Madagascar,2019,4.02
Madagascar,2020,4.32
Madagascar,2021,4.18
Malawi,2000,10.16
Malawi,2001,11.05
Malawi,2002,11.67
Malawi,2003,12.62
Malawi,2004,13.18
Malawi,2005,13.48
Malawi,2006,13.82
Malawi,2007,13.76
Malawi,2008,13.08
Malawi,2009,11.98
Malawi,2010,10.8
Malawi,2011,10.37
Malawi,2012,9.85
Malawi,2013,9.3
Malawi,2014,9.05
Malawi,2015,9.02
Malawi,2016,8.85
Malawi,2017,8.83
Malawi,2018,8.65
Malawi,2019,8.64
Malawi,2020,9.1
Malawi,2021,8.12
Malaysia,2000,7.75
Malaysia,2001,8
Malaysia,2002,8.34
Malaysia,2003,8.73
Malaysia,2004,9.14
Malaysia,2005,9.58
Malaysia,2006,10.08
Malaysia,2007,10.64
Malaysia,2008,11.31
Malaysia,2009,12.05
Malaysia,2010,12.35
Malaysia,2011,12.17
Malaysia,2012,12.1
Malaysia,2013,12.15
Malaysia,2014,12.22
Malaysia,2015,12.36
Malaysia,2016,12.48
Malaysia,2017,12.73
Malaysia,2018,13.01
Malaysia,2019,13.4
Malaysia,2020,12.88
Malaysia,2021,15.05
Maldives,2000,6.08
Maldives,2001,6.3
Maldives,2002,6.98
Maldives,2003,7.61
Maldives,2004,8.27
Maldives,2005,8.69
Maldives,2006,9.26
Maldives,2007,9.6
Maldives,2008,9.63
Maldives,2009,9.78
Maldives,2010,10.08
Maldives,2011,10.25
Maldives,2012,9.66
Maldives,2013,9.83
Maldives,2014,10.1
Maldives,2015,10.54
Maldives,2016,10.78
Maldives,2017,11.12
Maldives,2018,11.19
Maldives,2019,32.09
Maldives,2020,37.25
Maldives,2021,31.86
Mali,2000,3.69
Mali,2001,3.67
Mali,2002,3.65
Mali,2003,3.62
Mali,2004,3.58
Mali,2005,3.55
Mali,2006,3.53
Mali,2007,3.51
Mali,2008,3.5
Mali,2009,3.49
Mali,2010,3.4
Mali,2011,3.37
Mali,2012,3.33
Mali,2013,3.3
Mali,2014,3.27
Mali,2015,3.25
Mali,2016,3.23
Mali,2017,3.19
Mali,2018,3.16
Mali,2019,3.13
Mali,2020,3.26
Mali,2021,3.12
Malta,2000,5.94
Malta,2001,5.66
Malta,2002,8.58
Malta,2003,12.98
Malta,2004,17.74
Malta,2005,20.75
Malta,2006,23.56
Malta,2007,26.92
Malta,2008,31.27
Malta,2009,34.3
Malta,2010,35.79
Malta,2011,30.13
Malta,2012,29.04
Malta,2013,29.34
Malta,2014,34.15
Malta,2015,36.95
Malta,2016,40.58
Malta,2017,48.81
Malta,2018,52.6
Malta,2019,61.95
Malta,2020,62.89
Malta,2021,71.87
Marshall Islands,2000,4.15
Marshall Islands,2001,4.12
Marshall Islands,2002,4.09
Marshall Islands,2003,4.09
Marshall Islands,2004,4.1
Marshall Islands,2005,4.16
Marshall Islands,2006,4.15
Marshall Islands,2007,4.13
Marshall Islands,2008,4.13
Marshall Islands,2009,4.09
Marshall Islands,2010,3.97
Marshall Islands,2011,4
Marshall Islands,2012,3.98
Marshall Islands,2013,4.05
Marshall Islands,2014,4.15
Marshall Islands,2015,4.25
Marshall Islands,2016,4.32
Marshall Islands,2017,4.43
Marshall Islands,2018,4.28
Marshall Islands,2019,4.61
Marshall Islands,2020,4.77
Marshall Islands,2021,4.78
Mauritania,2000,3.04
Mauritania,2001,3.03
Mauritania,2002,3.06
Mauritania,2003,3.08
Mauritania,2004,3.17
Mauritania,2005,3.05
Mauritania,2006,3.16
Mauritania,2007,3.25
Mauritania,2008,3.49
Mauritania,2009,4.01
Mauritania,2010,4.64
Mauritania,2011,5.32
Mauritania,2012,6.42
Mauritania,2013,6.73
Mauritania,2014,6.42
Mauritania,2015,6.03
Mauritania,2016,5.79
Mauritania,2017,5.53
Mauritania,2018,5.31
Mauritania,2019,5.11
Mauritania,2020,5.19
Mauritania,2021,4.67
Mauritius,2000,0.73
Mauritius,2001,1.19
Mauritius,2002,1.56
Mauritius,2003,1.23
Mauritius,2004,1.45
Mauritius,2005,1.68
Mauritius,2006,1.81
Mauritius,2007,2.19
Mauritius,2008,2.1
Mauritius,2009,2.42
Mauritius,2010,2.6
Mauritius,2011,2.25
Mauritius,2012,1.69
Mauritius,2013,2.79
Mauritius,2014,2.6
Mauritius,2015,2.33
Mauritius,2016,2.9
Mauritius,2017,2.15
Mauritius,2018,1.96
Mauritius,2019,3.22
Mauritius,2020,1.07
Mauritius,2021,2.27
Mexico,2000,1.1
Mexico,2001,1.14
Mexico,2002,1.24
Mexico,2003,1.32
Mexico,2004,1.35
Mexico,2005,1.67
Mexico,2006,1.7
Mexico,2007,1.89
Mexico,2008,2.09
Mexico,2009,2.18
Mexico,2010,2.45
Mexico,2011,2.26
Mexico,2012,2.33
Mexico,2013,2.43
Mexico,2014,2.49
Mexico,2015,2.62
Mexico,2016,2.65
Mexico,2017,2.58
Mexico,2018,2.9
Mexico,2019,3.12
Mexico,2020,2.68
Mexico,2021,2.62
Micronesia (country),2000,5.68
Micronesia (country),2001,5.7
Micronesia (country),2002,5.74
Micronesia (country),2003,5.85
Micronesia (country),2004,6
Micronesia (country),2005,6.14
Micronesia (country),2006,6.2
Micronesia (country),2007,6.24
Micronesia (country),2008,6.22
Micronesia (country),2009,6.11
Micronesia (country),2010,6.04
Micronesia (country),2011,6.16
Micronesia (country),2012,6.35
Micronesia (country),2013,6.56
Micronesia (country),2014,6.71
Micronesia (country),2015,7.04
Micronesia (country),2016,7.25
Micronesia (country),2017,7.52
Micronesia (country),2018,7.84
Micronesia (country),2019,8.2
Micronesia (country),2020,8.81
Micronesia (country),2021,9.1
Moldova,2000,2.29
Moldova,2001,1.96
Moldova,2002,2.3
Moldova,2003,2.53
Moldova,2004,4.38
Moldova,2005,4.35
Moldova,2006,4.24
Moldova,2007,0.21
Moldova,2008,0.16
Moldova,2009,0.2
Moldova,2010,0.32
Moldova,2011,0.43
Moldova,2012,0.51
Moldova,2013,0.12
Moldova,2014,0.09
Moldova,2015,0.23
Moldova,2016,0.14
Moldova,2017,0.25
Moldova,2018,0.22
Moldova,2019,0.19
Moldova,2020,0.2
Moldova,2021,0.18
Monaco,2000,92.37
Monaco,2001,95.7
Monaco,2002,97.63
Monaco,2003,99.55
Monaco,2004,102.46
Monaco,2005,105.79
Monaco,2006,108.4
Monaco,2007,110.2
Monaco,2008,115.87
Monaco,2009,130.4
Monaco,2010,151.03
Monaco,2011,174.69
Monaco,2012,203.77
Monaco,2013,233.93
Monaco,2014,263.42
Monaco,2015,292.87
Monaco,2016,308.44
Monaco,2017,309.14
Monaco,2018,310.59
Monaco,2019,313.14
Monaco,2020,311.55
Monaco,2021,314.53
Mongolia,2000,5.38
Mongolia,2001,5.36
Mongolia,2002,5.37
Mongolia,2003,5.33
Mongolia,2004,5.39
Mongolia,2005,5.54
Mongolia,2006,5.67
Mongolia,2007,5.88
Mongolia,2008,6.1
Mongolia,2009,6.2
Mongolia,2010,6.44
Mongolia,2011,6.54
Mongolia,2012,6.49
Mongolia,2013,6.54
Mongolia,2014,6.57
Mongolia,2015,6.79
Mongolia,2016,6.97
Mongolia,2017,7.26
Mongolia,2018,7.36
Mongolia,2019,7.67
Mongolia,2020,6.58
Mongolia,2021,8.51
Montenegro,2000,24.28
Montenegro,2001,26.9
Montenegro,2002,28.39
Montenegro,2003,28.33
Montenegro,2004,28.79
Montenegro,2005,30.44
Montenegro,2006,29.93
Montenegro,2007,30.13
Montenegro,2008,28.98
Montenegro,2009,25.5
Montenegro,2010,23.65
Montenegro,2011,23.01
Montenegro,2012,22.69
Montenegro,2013,22.39
Montenegro,2014,21.71
Montenegro,2015,21.04
Montenegro,2016,20.47
Montenegro,2017,20.34
Montenegro,2018,20.59
Montenegro,2019,22.31
Montenegro,2020,23.6
Montenegro,2021,19.79
Morocco,2000,5.95
Morocco,2001,6.14
Morocco,2002,6.35
Morocco,2003,6.6
Morocco,2004,6.85
Morocco,2005,7.12
Morocco,2006,7.42
Morocco,2007,7.73
Morocco,2008,8.04
Morocco,2009,8.34
Morocco,2010,8.64
Morocco,2011,8.97
Morocco,2012,9.28
Morocco,2013,9.62
Morocco,2014,9.93
Morocco,2015,10.23
Morocco,2016,10.57
Morocco,2017,10.92
Morocco,2018,11.31
Morocco,2019,11.71
Morocco,2020,12.6
Morocco,2021,12.65
Mozambique,2000,3.75
Mozambique,2001,3.62
Mozambique,2002,3.63
Mozambique,2003,3.59
Mozambique,2004,3.56
Mozambique,2005,3.54
Mozambique,2006,3.76
Mozambique,2007,4.21
Mozambique,2008,4.24
Mozambique,2009,4.29
Mozambique,2010,4.34
Mozambique,2011,4.33
Mozambique,2012,4.32
Mozambique,2013,4.41
Mozambique,2014,4.5
Mozambique,2015,4.47
Mozambique,2016,4.63
Mozambique,2017,4.76
Mozambique,2018,4.8
Mozambique,2019,4.77
Mozambique,2020,4.87
Mozambique,2021,4.51
Myanmar,2000,5.39
Myanmar,2001,5.53
Myanmar,2002,5.72
Myanmar,2003,5.93
Myanmar,2004,6.14
Myanmar,2005,6.28
Myanmar,2006,6.43
Myanmar,2007,6.5
Myanmar,2008,6.57
Myanmar,2009,6.57
Myanmar,2010,6.7
Myanmar,2011,6.82
Myanmar,2012,7.03
Myanmar,2013,7.14
Myanmar,2014,7.38
Myanmar,2015,7.61
Myanmar,2016,7.8
Myanmar,2017,7.97
Myanmar,2018,8.26
Myanmar,2019,8.49
Myanmar,2020,8.73
Myanmar,2021,8.36
Namibia,2000,4.54
Namibia,2001,4.57
Namibia,2002,4.26
Namibia,2003,4.33
Namibia,2004,4.41
Namibia,2005,4.46
Namibia,2006,4.99
Namibia,2007,5.06
Namibia,2008,5.08
Namibia,2009,5.86
Namibia,2010,5.94
Namibia,2011,5.78
Namibia,2012,5.92
Namibia,2013,6.11
Namibia,2014,6.34
Namibia,2015,6.53
Namibia,2016,6.67
Namibia,2017,6.78
Namibia,2018,6.96
Namibia,2019,7.24
Namibia,2020,8
Namibia,2021,5.68
Nauru,2000,2.6
Nauru,2001,2.51
Nauru,2002,2.32
Nauru,2003,2.13
Nauru,2004,2.23
Nauru,2005,2.42
Nauru,2006,2.53
Nauru,2007,2.63
Nauru,2008,2.64
Nauru,2009,2.64
Nauru,2010,2.64
Nauru,2011,2.63
Nauru,2012,2.49
Nauru,2013,2.43
Nauru,2014,2.38
Nauru,2015,2.24
Nauru,2016,2.27
Nauru,2017,2.31
Nauru,2018,2.26
Nauru,2019,2.47
Nauru,2020,2.52
Nauru,2021,2.8
Nepal,2000,2.83
Nepal,2001,2.89
Nepal,2002,2.95
Nepal,2003,3.09
Nepal,2004,3.19
Nepal,2005,3.3
Nepal,2006,3.47
Nepal,2007,3.38
Nepal,2008,3.63
Nepal,2009,3.92
Nepal,2010,4.14
Nepal,2011,4.43
Nepal,2012,4.67
Nepal,2013,4.91
Nepal,2014,5.16
Nepal,2015,5.39
Nepal,2016,5.55
Nepal,2017,5.76
Nepal,2018,5.94
Nepal,2019,6.11
Nepal,2020,6.39
Nepal,2021,6.4
Netherlands,2000,36.33
Netherlands,2001,39.47
Netherlands,2002,45.94
Netherlands,2003,46.83
Netherlands,2004,45.95
Netherlands,2005,45.73
Netherlands,2006,50
Netherlands,2007,47
Netherlands,2008,52.35
Netherlands,2009,52.62
Netherlands,2010,57.25
Netherlands,2011,57.81
Netherlands,2012,65.64
Netherlands,2013,80.18
Netherlands,2014,79.71
Netherlands,2015,88.23
Netherlands,2016,94.77
Netherlands,2017,97.66
Netherlands,2018,96.02
Netherlands,2019,89.03
Netherlands,2020,85.6
Netherlands,2021,89.21
New Zealand,2000,21.65
New Zealand,2001,25.47
New Zealand,2002,26.2
New Zealand,2003,25.96
New Zealand,2004,28.9
New Zealand,2005,27.21
New Zealand,2006,29.92
New Zealand,2007,30.33
New Zealand,2008,32.27
New Zealand,2009,32.77
New Zealand,2010,31.17
New Zealand,2011,39.2
New Zealand,2012,41.62
New Zealand,2013,45.03
New Zealand,2014,47.29
New Zealand,2015,55.06
New Zealand,2016,52.32
New Zealand,2017,58.58
New Zealand,2018,58.86
New Zealand,2019,61.12
New Zealand,2020,59.64
New Zealand,2021,66.91
Nicaragua,2000,0.19
Nicaragua,2001,0.14
Nicaragua,2002,0.39
Nicaragua,2003,0.34
Nicaragua,2004,0.39
Nicaragua,2005,0.28
Nicaragua,2006,0.32
Nicaragua,2007,0.38
Nicaragua,2008,0.3
Nicaragua,2009,0.57
Nicaragua,2010,0.49
Nicaragua,2011,0.49
Nicaragua,2012,0.63
Nicaragua,2013,0.54
Nicaragua,2014,0.58
Nicaragua,2015,0.37
Nicaragua,2016,0.59
Nicaragua,2017,0.68
Nicaragua,2018,0.69
Nicaragua,2019,0.6
Nicaragua,2020,0.45
Nicaragua,2021,0.31
Niger,2000,2.15
Niger,2001,2.19
Niger,2002,2.2
Niger,2003,2.25
Niger,2004,2.25
Niger,2005,2.31
Niger,2006,2.34
Niger,2007,2.38
Niger,2008,2.39
Niger,2009,2.44
Niger,2010,2.48
Niger,2011,2.54
Niger,2012,2.6
Niger,2013,2.66
Niger,2014,2.69
Niger,2015,2.7
Niger,2016,2.72
Niger,2017,2.75
Niger,2018,2.75
Niger,2019,2.77
Niger,2020,2.84
Niger,2021,2.77
Nigeria,2000,2.65
Nigeria,2001,2.7
Nigeria,2002,2.69
Nigeria,2003,2.72
Nigeria,2004,2.76
Nigeria,2005,2.78
Nigeria,2006,2.8
Nigeria,2007,2.84
Nigeria,2008,2.82
Nigeria,2009,2.84
Nigeria,2010,2.83
Nigeria,2011,2.84
Nigeria,2012,2.86
Nigeria,2013,2.87
Nigeria,2014,2.84
Nigeria,2015,2.82
Nigeria,2016,2.85
Nigeria,2017,2.85
Nigeria,2018,2.86
Nigeria,2019,2.89
Nigeria,2020,3.08
Nigeria,2021,3.12
Niue,2000,19.77
Niue,2001,19.89
Niue,2002,19.34
Niue,2003,20.23
Niue,2004,20.1
Niue,2005,19.4
Niue,2006,20.19
Niue,2007,20.31
Niue,2008,19.77
Niue,2009,19.83
Niue,2010,20.42
Niue,2011,21.54
Niue,2012,20.4
Niue,2013,19.17
Niue,2014,19.09
Niue,2015,22.2
Niue,2016,24.72
Niue,2017,24.08
Niue,2018,23.32
Niue,2019,27.08
Niue,2020,29.86
Niue,2021,32.01
North America,2000,21.095434
North America,2001,22.946503
North America,2002,24.781559
North America,2003,26.4123
North America,2004,27.024551
North America,2005,30.180758
North America,2006,34.704994
North America,2007,35.559956
North America,2008,40.27113
North America,2009,39.70689
North America,2010,43.340263
North America,2011,46.26352
North America,2012,48.067043
North America,2013,49.927372
North America,2014,50.737545
North America,2015,51.67498
North America,2016,52.081833
North America,2017,54.358486
North America,2018,55.220333
North America,2019,56.158703
North America,2020,60.9478
North America,2021,56.307327
North Korea,2000,8.48
North Korea,2001,8.7
North Korea,2002,9.24
North Korea,2003,9.53
North Korea,2004,9.87
North Korea,2005,10.31
North Korea,2006,10.87
North Korea,2007,11.73
North Korea,2008,12.53
North Korea,2009,13.24
North Korea,2010,14.1
North Korea,2011,14.85
North Korea,2012,15.49
North Korea,2013,16.18
North Korea,2014,16.92
North Korea,2015,17.93
North Korea,2016,18.9
North Korea,2017,19.54
North Korea,2018,20.23
North Korea,2019,21.37
North Korea,2020,22.29
North Korea,2021,23.2
North Macedonia,2000,0.9
North Macedonia,2001,0.99
North Macedonia,2002,1.01
North Macedonia,2003,1.1
North Macedonia,2004,1.17
North Macedonia,2005,1.11
North Macedonia,2006,0.84
North Macedonia,2007,1.03
North Macedonia,2008,0.91
North Macedonia,2009,0.62
North Macedonia,2010,1.36
North Macedonia,2011,1.83
North Macedonia,2012,1.97
North Macedonia,2013,3.13
North Macedonia,2014,6.47
North Macedonia,2015,6.9
North Macedonia,2016,13.29
North Macedonia,2017,16.4
North Macedonia,2018,16.27
North Macedonia,2019,32.31
North Macedonia,2020,39.2
North Macedonia,2021,29.34
Norway,2000,22.57
Norway,2001,24.53
Norway,2002,27.34
Norway,2003,34.65
Norway,2004,36.52
Norway,2005,41.99
Norway,2006,43.18
Norway,2007,45.08
Norway,2008,49.37
Norway,2009,50.76
Norway,2010,53.72
Norway,2011,55.1
Norway,2012,60.34
Norway,2013,59.05
Norway,2014,64.73
Norway,2015,67.21
Norway,2016,71.08
Norway,2017,78.8
Norway,2018,81.87
Norway,2019,83.44
Norway,2020,83.46
Norway,2021,86.26
Oceania,2000,15.670965
Oceania,2001,16.071836
Oceania,2002,18.047361
Oceania,2003,17.487633
Oceania,2004,18.816254
Oceania,2005,22.233055
Oceania,2006,25.40511
Oceania,2007,26.557781
Oceania,2008,28.876806
Oceania,2009,28.894457
Oceania,2010,30.265106
Oceania,2011,33.63468
Oceania,2012,34.87275
Oceania,2013,36.44123
Oceania,2014,39.125427
Oceania,2015,41.19199
Oceania,2016,41.6809
Oceania,2017,43.599792
Oceania,2018,44.32596
Oceania,2019,46.637493
Oceania,2020,45.3477
Oceania,2021,48.92302
Oman,2000,5.12
Oman,2001,5.12
Oman,2002,5.1
Oman,2003,5.07
Oman,2004,5
Oman,2005,5.03
Oman,2006,5.13
Oman,2007,5.2
Oman,2008,5.26
Oman,2009,5.15
Oman,2010,5.32
Oman,2011,5.08
Oman,2012,4.91
Oman,2013,4.88
Oman,2014,4.95
Oman,2015,4.97
Oman,2016,5.05
Oman,2017,5.1
Oman,2018,5.19
Oman,2019,5.33
Oman,2020,6.65
Oman,2021,6.49
Pakistan,2000,4.56
Pakistan,2001,4.64
Pakistan,2002,4.66
Pakistan,2003,4.67
Pakistan,2004,4.69
Pakistan,2005,4.72
Pakistan,2006,4.77
Pakistan,2007,4.8
Pakistan,2008,4.86
Pakistan,2009,4.9
Pakistan,2010,4.97
Pakistan,2011,5
Pakistan,2012,5.02
Pakistan,2013,5.04
Pakistan,2014,5.09
Pakistan,2015,5.16
Pakistan,2016,5.25
Pakistan,2017,5.41
Pakistan,2018,5.5
Pakistan,2019,5.65
Pakistan,2020,5.88
Pakistan,2021,5.76
Palau,2000,12.78
Palau,2001,13.26
Palau,2002,13.6
Palau,2003,13.93
Palau,2004,14.77
Palau,2005,15.23
Palau,2006,15.24
Palau,2007,14.77
Palau,2008,14.34
Palau,2009,13.86
Palau,2010,13.11
Palau,2011,12.23
Palau,2012,11.42
Palau,2013,11.06
Palau,2014,11.13
Palau,2015,11.18
Palau,2016,11.34
Palau,2017,11.66
Palau,2018,12.04
Palau,2019,12.45
Palau,2020,12.96
Palau,2021,13.54
Panama,2000,1.27
Panama,2001,1.34
Panama,2002,1.87
Panama,2003,1.83
Panama,2004,2.17
Panama,2005,2.17
Panama,2006,2.1
Panama,2007,1.99
Panama,2008,2.8
Panama,2009,2.56
Panama,2010,3.38
Panama,2011,3.35
Panama,2012,3.71
Panama,2013,4.08
Panama,2014,5.24
Panama,2015,6.91
Panama,2016,6.78
Panama,2017,6.21
Panama,2018,6.18
Panama,2019,6.81
Panama,2020,6.41
Panama,2021,6.58
Papua New Guinea,2000,1.98
Papua New Guinea,2001,2.11
Papua New Guinea,2002,2.15
Papua New Guinea,2003,2.27
Papua New Guinea,2004,2.33
Papua New Guinea,2005,2.39
Papua New Guinea,2006,2.45
Papua New Guinea,2007,2.41
Papua New Guinea,2008,2.38
Papua New Guinea,2009,2.57
Papua New Guinea,2010,2.63
Papua New Guinea,2011,2.67
Papua New Guinea,2012,2.66
Papua New Guinea,2013,2.84
Papua New Guinea,2014,3.03
Papua New Guinea,2015,3.06
Papua New Guinea,2016,3.12
Papua New Guinea,2017,3.09
Papua New Guinea,2018,3.19
Papua New Guinea,2019,3.31
Papua New Guinea,2020,3.14
Papua New Guinea,2021,3.16
Paraguay,2000,0.39
Paraguay,2001,0.29
Paraguay,2002,0.38
Paraguay,2003,0.19
Paraguay,2004,0.36
Paraguay,2005,0.54
Paraguay,2006,0.57
Paraguay,2007,0.83
Paraguay,2008,0.81
Paraguay,2009,1.03
Paraguay,2010,1.13
Paraguay,2011,1.2
Paraguay,2012,1.9
Paraguay,2013,2.23
Paraguay,2014,1.92
Paraguay,2015,1.51
Paraguay,2016,2.42
Paraguay,2017,2.01
Paraguay,2018,2.54
Paraguay,2019,2.78
Paraguay,2020,2.55
Paraguay,2021,2.78
Peru,2000,0.18
Peru,2001,0.35
Peru,2002,0.52
Peru,2003,0.6
Peru,2004,0.5
Peru,2005,0.17
Peru,2006,0.54
Peru,2007,0.64
Peru,2008,0.62
Peru,2009,0.53
Peru,2010,1.01
Peru,2011,0.72
Peru,2012,0.32
Peru,2013,0.15
Peru,2014,0.05
Peru,2015,0.07
Peru,2016,1.76
Peru,2017,1.74
Peru,2018,2.04
Peru,2019,2.36
Peru,2020,1.97
Peru,2021,2.16
Philippines,2000,0.31
Philippines,2001,0.41
Philippines,2002,0.43
Philippines,2003,0.49
Philippines,2004,0.51
Philippines,2005,0.54
Philippines,2006,0.51
Philippines,2007,0.52
Philippines,2008,0.72
Philippines,2009,0.51
Philippines,2010,0.51
Philippines,2011,0.44
Philippines,2012,0.68
Philippines,2013,0.76
Philippines,2014,0.65
Philippines,2015,1.09
Philippines,2016,0.7
Philippines,2017,1.29
Philippines,2018,1.46
Philippines,2019,1.52
Philippines,2020,1.56
Philippines,2021,2.2
Poland,2000,3.45
Poland,2001,3.82
Poland,2002,3.97
Poland,2003,4.16
Poland,2004,4.61
Poland,2005,5.18
Poland,2006,5.11
Poland,2007,4.92
Poland,2008,5.25
Poland,2009,5.91
Poland,2010,6.23
Poland,2011,6.55
Poland,2012,6.75
Poland,2013,7.31
Poland,2014,6.39
Poland,2015,6.49
Poland,2016,7.42
Poland,2017,8.98
Poland,2018,8.82
Poland,2019,8.68
Poland,2020,10.59
Poland,2021,14.12
Portugal,2000,10.04
Portugal,2001,12.41
Portugal,2002,15.49
Portugal,2003,18.88
Portugal,2004,14.37
Portugal,2005,16.27
Portugal,2006,16.01
Portugal,2007,16.6
Portugal,2008,17
Portugal,2009,17.89
Portugal,2010,18.78
Portugal,2011,18.27
Portugal,2012,19.4
Portugal,2013,41.68
Portugal,2014,45.42
Portugal,2015,53.17
Portugal,2016,56.94
Portugal,2017,59.75
Portugal,2018,69.63
Portugal,2019,77.06
Portugal,2020,82.3
Portugal,2021,82.46
Qatar,2000,2.41
Qatar,2001,2.4
Qatar,2002,2.4
Qatar,2003,2.37
Qatar,2004,2.35
Qatar,2005,2.28
Qatar,2006,2.1
Qatar,2007,1.96
Qatar,2008,1.85
Qatar,2009,1.78
Qatar,2010,1.75
Qatar,2011,1.81
Qatar,2012,1.92
Qatar,2013,2
Qatar,2014,1.96
Qatar,2015,1.88
Qatar,2016,1.95
Qatar,2017,2.06
Qatar,2018,2.16
Qatar,2019,2.25
Qatar,2020,2.52
Qatar,2021,2.76
Romania,2000,1.35
Romania,2001,0.79
Romania,2002,0.84
Romania,2003,1.43
Romania,2004,1.76
Romania,2005,2.01
Romania,2006,2.42
Romania,2007,3.04
Romania,2008,3.47
Romania,2009,3.71
Romania,2010,5.79
Romania,2011,6.92
Romania,2012,7.83
Romania,2013,8.2
Romania,2014,9.54
Romania,2015,9.85
Romania,2016,10.77
Romania,2017,12.56
Romania,2018,13.72
Romania,2019,12.53
Romania,2020,14.53
Romania,2021,15.5
Russia,2000,20.5
Russia,2001,20.17
Russia,2002,19.97
Russia,2003,21.18
Russia,2004,21.71
Russia,2005,21.96
Russia,2006,22.92
Russia,2007,23.42
Russia,2008,24.04
Russia,2009,25.15
Russia,2010,26.12
Russia,2011,26.66
Russia,2012,28.06
Russia,2013,28.97
Russia,2014,30.78
Russia,2015,30.86
Russia,2016,32.39
Russia,2017,33.63
Russia,2018,34.45
Russia,2019,34.59
Russia,2020,32.76
Russia,2021,34.69
Rwanda,2000,4.89
Rwanda,2001,6.02
Rwanda,2002,7
Rwanda,2003,7.16
Rwanda,2004,6.99
Rwanda,2005,6.98
Rwanda,2006,7.18
Rwanda,2007,7.56
Rwanda,2008,8.15
Rwanda,2009,8.88
Rwanda,2010,9.8
Rwanda,2011,10.81
Rwanda,2012,10.85
Rwanda,2013,10.02
Rwanda,2014,9.3
Rwanda,2015,8.73
Rwanda,2016,8.26
Rwanda,2017,7.98
Rwanda,2018,7.76
Rwanda,2019,7.6
Rwanda,2020,7.58
Rwanda,2021,7.48
Saint Kitts and Nevis,2000,13.88
Saint Kitts and Nevis,2001,14.03
Saint Kitts and Nevis,2002,13.96
Saint Kitts and Nevis,2003,13.74
Saint Kitts and Nevis,2004,13.83
Saint Kitts and Nevis,2005,14
Saint Kitts and Nevis,2006,14.38
Saint Kitts and Nevis,2007,15.29
Saint Kitts and Nevis,2008,15.71
Saint Kitts and Nevis,2009,16.35
Saint Kitts and Nevis,2010,17.21
Saint Kitts and Nevis,2011,17.53
Saint Kitts and Nevis,2012,17.16
Saint Kitts and Nevis,2013,16.75
Saint Kitts and Nevis,2014,16.49
Saint Kitts and Nevis,2015,16.07
Saint Kitts and Nevis,2016,15.67
Saint Kitts and Nevis,2017,15.59
Saint Kitts and Nevis,2018,15.49
Saint Kitts and Nevis,2019,15.36
Saint Kitts and Nevis,2020,14.8
Saint Kitts and Nevis,2021,14.85
Saint Lucia,2000,9.11
Saint Lucia,2001,9.38
Saint Lucia,2002,9.56
Saint Lucia,2003,9.72
Saint Lucia,2004,10
Saint Lucia,2005,10.22
Saint Lucia,2006,10.59
Saint Lucia,2007,10.89
Saint Lucia,2008,11.33
Saint Lucia,2009,11.31
Saint Lucia,2010,11.57
Saint Lucia,2011,11.93
Saint Lucia,2012,12.25
Saint Lucia,2013,12.35
Saint Lucia,2014,12.89
Saint Lucia,2015,13
Saint Lucia,2016,13.22
Saint Lucia,2017,13.43
Saint Lucia,2018,13.59
Saint Lucia,2019,13.79
Saint Lucia,2020,14
Saint Lucia,2021,14.41
Saint Vincent and the Grenadines,2000,0
Saint Vincent and the Grenadines,2001,0.29
Saint Vincent and the Grenadines,2002,0.55
Saint Vincent and the Grenadines,2003,1.73
Saint Vincent and the Grenadines,2004,1.77
Saint Vincent and the Grenadines,2005,3.39
Saint Vincent and the Grenadines,2006,3.5
Saint Vincent and the Grenadines,2007,4.29
Saint Vincent and the Grenadines,2008,2.65
Saint Vincent and the Grenadines,2009,1.94
Saint Vincent and the Grenadines,2010,2.26
Saint Vincent and the Grenadines,2011,3.24
Saint Vincent and the Grenadines,2012,2.73
Saint Vincent and the Grenadines,2013,2.75
Saint Vincent and the Grenadines,2014,2.88
Saint Vincent and the Grenadines,2015,2.7
Saint Vincent and the Grenadines,2016,1.77
Saint Vincent and the Grenadines,2017,2.59
Saint Vincent and the Grenadines,2018,4.47
Saint Vincent and the Grenadines,2019,5.77
Saint Vincent and the Grenadines,2020,6.05
Saint Vincent and the Grenadines,2021,4.38
Samoa,2000,6.93
Samoa,2001,7.09
Samoa,2002,7.39
Samoa,2003,7.94
Samoa,2004,8.47
Samoa,2005,8.99
Samoa,2006,9.38
Samoa,2007,9.59
Samoa,2008,9.69
Samoa,2009,9.73
Samoa,2010,9.87
Samoa,2011,9.94
Samoa,2012,10
Samoa,2013,10.03
Samoa,2014,10.06
Samoa,2015,10.09
Samoa,2016,10.13
Samoa,2017,10.09
Samoa,2018,10.06
Samoa,2019,10.07
Samoa,2020,10.48
Samoa,2021,10.41
San Marino,2000,43.73
San Marino,2001,43.75
San Marino,2002,44.73
San Marino,2003,45.73
San Marino,2004,44.93
San Marino,2005,44.87
San Marino,2006,43.86
San Marino,2007,45.67
San Marino,2008,51.37
San Marino,2009,54.6
San Marino,2010,55.87
San Marino,2011,56.47
San Marino,2012,58.01
San Marino,2013,59.07
San Marino,2014,60.53
San Marino,2015,61.9
San Marino,2016,64.11
San Marino,2017,65.27
San Marino,2018,65.46
San Marino,2019,66.24
San Marino,2020,75.75
San Marino,2021,78.23
Sao Tome and Principe,2000,4.68
Sao Tome and Principe,2001,4.69
Sao Tome and Principe,2002,4.62
Sao Tome and Principe,2003,4.44
Sao Tome and Principe,2004,4.38
Sao Tome and Principe,2005,4.34
Sao Tome and Principe,2006,4.37
Sao Tome and Principe,2007,4.56
Sao Tome and Principe,2008,4.63
Sao Tome and Principe,2009,4.58
Sao Tome and Principe,2010,4.55
Sao Tome and Principe,2011,4.55
Sao Tome and Principe,2012,4.75
Sao Tome and Principe,2013,4.69
Sao Tome and Principe,2014,4.78
Sao Tome and Principe,2015,4.85
Sao Tome and Principe,2016,5.09
Sao Tome and Principe,2017,5.36
Sao Tome and Principe,2018,5.53
Sao Tome and Principe,2019,5.69
Sao Tome and Principe,2020,5.68
Sao Tome and Principe,2021,5.5
Saudi Arabia,2000,4.38
Saudi Arabia,2001,4.43
Saudi Arabia,2002,4.51
Saudi Arabia,2003,4.61
Saudi Arabia,2004,4.66
Saudi Arabia,2005,4.68
Saudi Arabia,2006,4.63
Saudi Arabia,2007,4.49
Saudi Arabia,2008,4.33
Saudi Arabia,2009,4.1
Saudi Arabia,2010,3.89
Saudi Arabia,2011,3.66
Saudi Arabia,2012,3.52
Saudi Arabia,2013,3.6
Saudi Arabia,2014,3.81
Saudi Arabia,2015,3.98
Saudi Arabia,2016,4.2
Saudi Arabia,2017,4.56
Saudi Arabia,2018,4.82
Saudi Arabia,2019,4.82
Saudi Arabia,2020,4.28
Saudi Arabia,2021,4.57
Senegal,2000,3.42
Senegal,2001,3.42
Senegal,2002,3.42
Senegal,2003,3.45
Senegal,2004,3.46
Senegal,2005,3.48
Senegal,2006,3.5
Senegal,2007,3.51
Senegal,2008,3.6
Senegal,2009,3.63
Senegal,2010,3.64
Senegal,2011,3.68
Senegal,2012,3.73
Senegal,2013,3.82
Senegal,2014,3.86
Senegal,2015,3.85
Senegal,2016,3.91
Senegal,2017,3.94
Senegal,2018,3.97
Senegal,2019,4.01
Senegal,2020,4.13
Senegal,2021,4.11
Serbia,2000,1.48
Serbia,2001,1.26
Serbia,2002,1.62
Serbia,2003,2.05
Serbia,2004,3.72
Serbia,2005,4.99
Serbia,2006,4.49
Serbia,2007,6.38
Serbia,2008,6.75
Serbia,2009,8.69
Serbia,2010,11.42
Serbia,2011,13.29
Serbia,2012,15.76
Serbia,2013,18.32
Serbia,2014,19.85
Serbia,2015,25.88
Serbia,2016,28.48
Serbia,2017,32.26
Serbia,2018,31.4
Serbia,2019,32.5
Serbia,2020,36.16
Serbia,2021,37.12
Seychelles,2000,12.13
Seychelles,2001,12.47
Seychelles,2002,12.81
Seychelles,2003,13.12
Seychelles,2004,13.19
Seychelles,2005,13.3
Seychelles,2006,13.54
Seychelles,2007,13.79
Seychelles,2008,14.14
Seychelles,2009,14.37
Seychelles,2010,14.68
Seychelles,2011,15
Seychelles,2012,15.42
Seychelles,2013,15.68
Seychelles,2014,16
Seychelles,2015,16.25
Seychelles,2016,16.51
Seychelles,2017,16.64
Seychelles,2018,16.8
Seychelles,2019,16.99
Seychelles,2020,12.6
Seychelles,2021,17.26
Sierra Leone,2000,3.51
Sierra Leone,2001,3.52
Sierra Leone,2002,3.48
Sierra Leone,2003,3.44
Sierra Leone,2004,3.42
Sierra Leone,2005,3.43
Sierra Leone,2006,3.38
Sierra Leone,2007,3.44
Sierra Leone,2008,3.44
Sierra Leone,2009,3.42
Sierra Leone,2010,3.45
Sierra Leone,2011,3.41
Sierra Leone,2012,3.41
Sierra Leone,2013,3.38
Sierra Leone,2014,3.35
Sierra Leone,2015,3.33
Sierra Leone,2016,3.42
Sierra Leone,2017,3.5
Sierra Leone,2018,3.54
Sierra Leone,2019,3.56
Sierra Leone,2020,3.56
Sierra Leone,2021,3.57
Singapore,2000,0.48
Singapore,2001,0.49
Singapore,2002,0.27
Singapore,2003,0.11
Singapore,2004,0.11
Singapore,2005,0.08
Singapore,2006,0.05
Singapore,2007,0.05
Singapore,2008,0.03
Singapore,2009,0
Singapore,2010,0.26
Singapore,2011,0.18
Singapore,2012,0.1
Singapore,2013,0.07
Singapore,2014,0.06
Singapore,2015,0.11
Singapore,2016,0.21
Singapore,2017,0.13
Singapore,2018,0.49
Singapore,2019,0.11
Singapore,2020,0.2
Singapore,2021,0.16
Slovakia,2000,1.19
Slovakia,2001,2.05
Slovakia,2002,1.99
Slovakia,2003,2.44
Slovakia,2004,2.93
Slovakia,2005,3.63
Slovakia,2006,3.45
Slovakia,2007,4.56
Slovakia,2008,4.19
Slovakia,2009,4.1
Slovakia,2010,4.63
Slovakia,2011,11.75
Slovakia,2012,30.52
Slovakia,2013,20.65
Slovakia,2014,26.33
Slovakia,2015,20.89
Slovakia,2016,26.8
Slovakia,2017,20.75
Slovakia,2018,25.71
Slovakia,2019,25.1
Slovakia,2020,21.02
Slovakia,2021,15.17
Slovenia,2000,3.66
Slovenia,2001,3.65
Slovenia,2002,5.48
Slovenia,2003,7.12
Slovenia,2004,4.98
Slovenia,2005,5.93
Slovenia,2006,5.22
Slovenia,2007,2.64
Slovenia,2008,4.13
Slovenia,2009,2.86
Slovenia,2010,3.37
Slovenia,2011,4.95
Slovenia,2012,5.16
Slovenia,2013,5.4
Slovenia,2014,7.09
Slovenia,2015,8.39
Slovenia,2016,8.13
Slovenia,2017,11.76
Slovenia,2018,14.49
Slovenia,2019,17.57
Slovenia,2020,22.31
Slovenia,2021,16.76
Solomon Islands,2000,5.74
Solomon Islands,2001,5.86
Solomon Islands,2002,6.1
Solomon Islands,2003,6.28
Solomon Islands,2004,6.18
Solomon Islands,2005,6.42
Solomon Islands,2006,6.54
Solomon Islands,2007,6.83
Solomon Islands,2008,7.04
Solomon Islands,2009,7.06
Solomon Islands,2010,7.02
Solomon Islands,2011,6.94
Solomon Islands,2012,6.83
Solomon Islands,2013,6.74
Solomon Islands,2014,6.68
Solomon Islands,2015,6.62
Solomon Islands,2016,6.55
Solomon Islands,2017,6.5
Solomon Islands,2018,6.48
Solomon Islands,2019,6.48
Solomon Islands,2020,6.82
Solomon Islands,2021,6.67
Somalia,2000,4.23
Somalia,2001,4.24
Somalia,2002,4.25
Somalia,2003,4.25
Somalia,2004,4.29
Somalia,2005,4.3
Somalia,2006,4.29
Somalia,2007,4.27
Somalia,2008,4.32
Somalia,2009,4.31
Somalia,2010,4.22
Somalia,2011,4.01
Somalia,2012,4.18
Somalia,2013,4.27
Somalia,2014,4.26
Somalia,2015,4.27
Somalia,2016,4.27
Somalia,2017,4.32
Somalia,2018,4.34
Somalia,2019,4.38
Somalia,2020,4.62
Somalia,2021,4.18
South Africa,2000,6.21
South Africa,2001,6.25
South Africa,2002,6.77
South Africa,2003,7.05
South Africa,2004,7.36
South Africa,2005,7.35
South Africa,2006,7.93
South Africa,2007,8.17
South Africa,2008,8.45
South Africa,2009,8.61
South Africa,2010,9.43
South Africa,2011,9.44
South Africa,2012,9.88
South Africa,2013,10.16
South Africa,2014,10.42
South Africa,2015,10.62
South Africa,2016,10.93
South Africa,2017,11.36
South Africa,2018,11.73
South Africa,2019,12.06
South Africa,2020,13.71
South Africa,2021,10.52
South America,2000,3.2390623
South America,2001,3.728249
South America,2002,4.157064
South America,2003,4.650211
South America,2004,4.8548236
South America,2005,4.9544473
South America,2006,5.377252
South America,2007,6.0772667
South America,2008,6.263255
South America,2009,6.542296
South America,2010,7.3604875
South America,2011,7.6517396
South America,2012,7.897975
South America,2013,8.114208
South America,2014,8.603559
South America,2015,9.06472
South America,2016,9.846566
South America,2017,10.294356
South America,2018,10.959806
South America,2019,12.200111
South America,2020,12.371594
South America,2021,13.701049
South Korea,2000,14.19
South Korea,2001,15.01
South Korea,2002,14.59
South Korea,2003,13.39
South Korea,2004,14.43
South Korea,2005,13.32
South Korea,2006,13.03
South Korea,2007,13.58
South Korea,2008,17.02
South Korea,2009,15.52
South Korea,2010,15.69
South Korea,2011,16.59
South Korea,2012,19.7
South Korea,2013,20.85
South Korea,2014,20.46
South Korea,2015,22.22
South Korea,2016,21.37
South Korea,2017,21.48
South Korea,2018,22.57
South Korea,2019,23.87
South Korea,2020,25.27
South Korea,2021,24.95
South Sudan,2000,3.17
South Sudan,2001,3.2
South Sudan,2002,3.24
South Sudan,2003,3.3
South Sudan,2004,3.37
South Sudan,2005,3.44
South Sudan,2006,3.53
South Sudan,2007,3.61
South Sudan,2008,3.66
South Sudan,2009,3.71
South Sudan,2010,3.8
South Sudan,2011,3.71
South Sudan,2012,3.64
South Sudan,2013,3.61
South Sudan,2014,3.49
South Sudan,2015,3.39
South Sudan,2016,3.35
South Sudan,2017,3.34
South Sudan,2018,3.6
South Sudan,2019,3.82
South Sudan,2020,4.08
South Sudan,2021,4.09
Spain,2000,42.29
Spain,2001,44.52
Spain,2002,46.73
Spain,2003,53.04
Spain,2004,47.9
Spain,2005,51.06
Spain,2006,49.86
Spain,2007,51.82
Spain,2008,54.11
Spain,2009,58.28
Spain,2010,59.39
Spain,2011,62.03
Spain,2012,67.62
Spain,2013,66.41
Spain,2014,72.81
Spain,2015,82.51
Spain,2016,79.82
Spain,2017,83.11
Spain,2018,84.05
Spain,2019,84.02
Spain,2020,82.98
Spain,2021,74.54
Sri Lanka,2000,13.04
Sri Lanka,2001,12.9
Sri Lanka,2002,12.96
Sri Lanka,2003,13.07
Sri Lanka,2004,13.07
Sri Lanka,2005,13.23
Sri Lanka,2006,13.35
Sri Lanka,2007,13.39
Sri Lanka,2008,13.48
Sri Lanka,2009,13.53
Sri Lanka,2010,13.5
Sri Lanka,2011,13.6
Sri Lanka,2012,13.73
Sri Lanka,2013,13.85
Sri Lanka,2014,13.96
Sri Lanka,2015,14.14
Sri Lanka,2016,14.31
Sri Lanka,2017,14.76
Sri Lanka,2018,15.24
Sri Lanka,2019,15.63
Sri Lanka,2020,13.3
Sri Lanka,2021,16.57
Sudan,2000,3.61
Sudan,2001,3.65
Sudan,2002,3.69
Sudan,2003,3.71
Sudan,2004,3.71
Sudan,2005,3.76
Sudan,2006,3.82
Sudan,2007,3.89
Sudan,2008,3.98
Sudan,2009,4
Sudan,2010,4
Sudan,2011,4.12
Sudan,2012,4.11
Sudan,2013,4.15
Sudan,2014,4.22
Sudan,2015,4.28
Sudan,2016,4.37
Sudan,2017,4.46
Sudan,2018,4.57
Sudan,2019,4.6
Sudan,2020,4.86
Sudan,2021,4.52
Suriname,2000,5.43
Suriname,2001,5.82
Suriname,2002,6.26
Suriname,2003,6.75
Suriname,2004,7.09
Suriname,2005,7.19
Suriname,2006,7.29
Suriname,2007,7.39
Suriname,2008,7.53
Suriname,2009,7.72
Suriname,2010,7.98
Suriname,2011,8.28
Suriname,2012,8.51
Suriname,2013,8.85
Suriname,2014,9.11
Suriname,2015,9.4
Suriname,2016,9.69
Suriname,2017,9.99
Suriname,2018,10.4
Suriname,2019,10.8
Suriname,2020,10.9
Suriname,2021,9.84
Sweden,2000,49.87
Sweden,2001,56.08
Sweden,2002,61.67
Sweden,2003,54.31
Sweden,2004,61.42
Sweden,2005,64.71
Sweden,2006,66.23
Sweden,2007,71.32
Sweden,2008,70.1
Sweden,2009,71.05
Sweden,2010,75.39
Sweden,2011,78.59
Sweden,2012,86.2
Sweden,2013,86.1
Sweden,2014,86.01
Sweden,2015,91.78
Sweden,2016,95.58
Sweden,2017,98.29
Sweden,2018,102.11
Sweden,2019,98.91
Sweden,2020,100.12
Sweden,2021,89.54
Switzerland,2000,37.25
Switzerland,2001,41.94
Switzerland,2002,46.27
Switzerland,2003,48.41
Switzerland,2004,46.66
Switzerland,2005,52.05
Switzerland,2006,50.27
Switzerland,2007,54.41
Switzerland,2008,58.25
Switzerland,2009,63.37
Switzerland,2010,68.61
Switzerland,2011,69.92
Switzerland,2012,76.8
Switzerland,2013,77.96
Switzerland,2014,75.69
Switzerland,2015,82.86
Switzerland,2016,74.25
Switzerland,2017,82.68
Switzerland,2018,81.06
Switzerland,2019,85.34
Switzerland,2020,83.21
Switzerland,2021,73.59
Syria,2000,5.09
Syria,2001,5.15
Syria,2002,5.24
Syria,2003,5.28
Syria,2004,5.34
Syria,2005,5.4
Syria,2006,5.42
Syria,2007,5.38
Syria,2008,5.48
Syria,2009,5.65
Syria,2010,5.84
Syria,2011,5.99
Syria,2012,6.24
Syria,2013,6.66
Syria,2014,7.17
Syria,2015,7.54
Syria,2016,7.71
Syria,2017,7.9
Syria,2018,8
Syria,2019,7.88
Syria,2020,8.1
Syria,2021,7.96
Tajikistan,2000,4.47
Tajikistan,2001,4.47
Tajikistan,2002,4.49
Tajikistan,2003,4.53
Tajikistan,2004,4.62
Tajikistan,2005,4.73
Tajikistan,2006,4.86
Tajikistan,2007,4.98
Tajikistan,2008,5.08
Tajikistan,2009,5.19
Tajikistan,2010,5.26
Tajikistan,2011,5.29
Tajikistan,2012,5.34
Tajikistan,2013,5.32
Tajikistan,2014,5.37
Tajikistan,2015,5.39
Tajikistan,2016,5.39
Tajikistan,2017,5.37
Tajikistan,2018,5.36
Tajikistan,2019,5.37
Tajikistan,2020,6.16
Tajikistan,2021,5.7
Tanzania,2000,3.92
Tanzania,2001,3.43
Tanzania,2002,3.94
Tanzania,2003,3.95
Tanzania,2004,3.97
Tanzania,2005,3.97
Tanzania,2006,3.98
Tanzania,2007,3.99
Tanzania,2008,3.99
Tanzania,2009,4
Tanzania,2010,4.04
Tanzania,2011,4.06
Tanzania,2012,3.72
Tanzania,2013,4.14
Tanzania,2014,4.13
Tanzania,2015,4.28
Tanzania,2016,4.32
Tanzania,2017,4.48
Tanzania,2018,4.74
Tanzania,2019,4.96
Tanzania,2020,5.2
Tanzania,2021,5.59
Thailand,2000,10.05
Thailand,2001,10.5
Thailand,2002,11.23
Thailand,2003,11.95
Thailand,2004,12.71
Thailand,2005,13.45
Thailand,2006,14.33
Thailand,2007,15.06
Thailand,2008,15.8
Thailand,2009,16.56
Thailand,2010,17.56
Thailand,2011,18.6
Thailand,2012,19.67
Thailand,2013,21
Thailand,2014,22.77
Thailand,2015,24.38
Thailand,2016,26.11
Thailand,2017,27.83
Thailand,2018,29.77
Thailand,2019,31.91
Thailand,2020,33.47
Thailand,2021,33.41
Togo,2000,3
Togo,2001,2.97
Togo,2002,2.95
Togo,2003,2.92
Togo,2004,2.9
Togo,2005,2.89
Togo,2006,2.9
Togo,2007,2.88
Togo,2008,2.91
Togo,2009,2.92
Togo,2010,2.91
Togo,2011,2.92
Togo,2012,2.93
Togo,2013,2.96
Togo,2014,2.98
Togo,2015,3
Togo,2016,3.04
Togo,2017,3.08
Togo,2018,3.11
Togo,2019,3.15
Togo,2020,3.27
Togo,2021,3.27
Tonga,2000,11
Tonga,2001,11.18
Tonga,2002,11.35
Tonga,2003,11.58
Tonga,2004,11.83
Tonga,2005,12.05
Tonga,2006,12.24
Tonga,2007,12.4
Tonga,2008,12.53
Tonga,2009,12.65
Tonga,2010,12.79
Tonga,2011,12.95
Tonga,2012,13.18
Tonga,2013,13.38
Tonga,2014,13.54
Tonga,2015,13.69
Tonga,2016,13.94
Tonga,2017,14.27
Tonga,2018,14.39
Tonga,2019,14.49
Tonga,2020,14.34
Tonga,2021,15.75
Trinidad and Tobago,2000,6.77
Trinidad and Tobago,2001,6.88
Trinidad and Tobago,2002,7
Trinidad and Tobago,2003,7.19
Trinidad and Tobago,2004,7.43
Trinidad and Tobago,2005,7.68
Trinidad and Tobago,2006,7.93
Trinidad and Tobago,2007,8.21
Trinidad and Tobago,2008,8.55
Trinidad and Tobago,2009,8.87
Trinidad and Tobago,2010,9.33
Trinidad and Tobago,2011,9.73
Trinidad and Tobago,2012,10.11
Trinidad and Tobago,2013,10.69
Trinidad and Tobago,2014,11.19
Trinidad and Tobago,2015,11.76
Trinidad and Tobago,2016,12.4
Trinidad and Tobago,2017,12.85
Trinidad and Tobago,2018,13.24
Trinidad and Tobago,2019,13.74
Trinidad and Tobago,2020,14.26
Trinidad and Tobago,2021,15.08
Tunisia,2000,11.1
Tunisia,2001,11.49
Tunisia,2002,11.88
Tunisia,2003,12.27
Tunisia,2004,12.66
Tunisia,2005,13.03
Tunisia,2006,13.44
Tunisia,2007,13.88
Tunisia,2008,14.3
Tunisia,2009,14.75
Tunisia,2010,15.21
Tunisia,2011,15.56
Tunisia,2012,15.91
Tunisia,2013,16.35
Tunisia,2014,16.7
Tunisia,2015,17.18
Tunisia,2016,17.58
Tunisia,2017,18.08
Tunisia,2018,18.49
Tunisia,2019,18.89
Tunisia,2020,20.36
Tunisia,2021,20.71
Turkey,2000,11.81
Turkey,2001,11.88
Turkey,2002,11.9
Turkey,2003,11.82
Turkey,2004,11.8
Turkey,2005,11.85
Turkey,2006,12.05
Turkey,2007,12.31
Turkey,2008,12.66
Turkey,2009,13.01
Turkey,2010,13.22
Turkey,2011,13.55
Turkey,2012,13.87
Turkey,2013,14.26
Turkey,2014,14.84
Turkey,2015,15.36
Turkey,2016,15.86
Turkey,2017,16.3
Turkey,2018,16.68
Turkey,2019,17.35
Turkey,2020,19.04
Turkey,2021,18.72
Turkmenistan,2000,5.04
Turkmenistan,2001,5.04
Turkmenistan,2002,5.07
Turkmenistan,2003,5.09
Turkmenistan,2004,5.14
Turkmenistan,2005,5.23
Turkmenistan,2006,5.3
Turkmenistan,2007,5.38
Turkmenistan,2008,5.43
Turkmenistan,2009,5.47
Turkmenistan,2010,5.53
Turkmenistan,2011,5.58
Turkmenistan,2012,5.61
Turkmenistan,2013,5.69
Turkmenistan,2014,5.71
Turkmenistan,2015,5.77
Turkmenistan,2016,5.82
Turkmenistan,2017,5.91
Turkmenistan,2018,5.96
Turkmenistan,2019,6.01
Turkmenistan,2020,6.33
Turkmenistan,2021,6.33
Tuvalu,2000,11
Tuvalu,2001,11.12
Tuvalu,2002,11.14
Tuvalu,2003,11.07
Tuvalu,2004,11.13
Tuvalu,2005,11.1
Tuvalu,2006,11.37
Tuvalu,2007,11.33
Tuvalu,2008,11.49
Tuvalu,2009,11.53
Tuvalu,2010,11.56
Tuvalu,2011,11.4
Tuvalu,2012,11.42
Tuvalu,2013,11.45
Tuvalu,2014,11.38
Tuvalu,2015,11.12
Tuvalu,2016,10.78
Tuvalu,2017,10.44
Tuvalu,2018,10.58
Tuvalu,2019,10.5
Tuvalu,2020,10.93
Tuvalu,2021,10.53
Uganda,2000,2.96
Uganda,2001,3.03
Uganda,2002,3.03
Uganda,2003,2.98
Uganda,2004,2.92
Uganda,2005,2.79
Uganda,2006,2.68
Uganda,2007,2.57
Uganda,2008,2.51
Uganda,2009,2.43
Uganda,2010,2.39
Uganda,2011,2.38
Uganda,2012,2.3
Uganda,2013,2.25
Uganda,2014,2.16
Uganda,2015,2.09
Uganda,2016,2.07
Uganda,2017,2.08
Uganda,2018,2.16
Uganda,2019,2.24
Uganda,2020,2.3
Uganda,2021,2.43
Ukraine,2000,21.17
Ukraine,2001,20.83
Ukraine,2002,21.29
Ukraine,2003,22.23
Ukraine,2004,22.58
Ukraine,2005,24.35
Ukraine,2006,25.54
Ukraine,2007,25.76
Ukraine,2008,26.33
Ukraine,2009,27.73
Ukraine,2010,29.22
Ukraine,2011,29.25
Ukraine,2012,29.89
Ukraine,2013,30.66
Ukraine,2014,32.68
Ukraine,2015,32.73
Ukraine,2016,33.43
Ukraine,2017,33.92
Ukraine,2018,34.33
Ukraine,2019,34.42
Ukraine,2020,35.39
Ukraine,2021,33.56
United Arab Emirates,2000,1.72
United Arab Emirates,2001,1.75
United Arab Emirates,2002,2.24
United Arab Emirates,2003,2.49
United Arab Emirates,2004,2.48
United Arab Emirates,2005,2.49
United Arab Emirates,2006,2.15
United Arab Emirates,2007,1.49
United Arab Emirates,2008,1.12
United Arab Emirates,2009,0.98
United Arab Emirates,2010,1.01
United Arab Emirates,2011,1.06
United Arab Emirates,2012,1.2
United Arab Emirates,2013,1.17
United Arab Emirates,2014,1.19
United Arab Emirates,2015,1.22
United Arab Emirates,2016,1.14
United Arab Emirates,2017,1.12
United Arab Emirates,2018,1.15
United Arab Emirates,2019,1.21
United Arab Emirates,2020,1.65
United Arab Emirates,2021,2.12
United Kingdom,2000,20.36
United Kingdom,2001,35.37
United Kingdom,2002,35.88
United Kingdom,2003,37.55
United Kingdom,2004,35.7
United Kingdom,2005,35.54
United Kingdom,2006,36.34
United Kingdom,2007,41.05
United Kingdom,2008,44.97
United Kingdom,2009,43.93
United Kingdom,2010,48.11
United Kingdom,2011,71.14
United Kingdom,2012,83.92
United Kingdom,2013,89.68
United Kingdom,2014,95.33
United Kingdom,2015,113.72
United Kingdom,2016,114.82
United Kingdom,2017,123.44
United Kingdom,2018,129.97
United Kingdom,2019,121.12
United Kingdom,2020,128.44
United Kingdom,2021,131.81
United States,2000,30.29
United States,2001,33.15
United States,2002,36.25
United States,2003,38.91
United States,2004,39.85
United States,2005,44.76
United States,2006,51.87
United States,2007,53.01
United States,2008,60.29
United States,2009,59.3
United States,2010,65.14
United States,2011,70.16
United States,2012,73.01
United States,2013,75.65
United States,2014,76.46
United States,2015,77.77
United States,2016,78.36
United States,2017,81.53
United States,2018,82.48
United States,2019,83.96
United States,2020,92.96
United States,2021,84.93
Uruguay,2000,36.33
Uruguay,2001,35.18
Uruguay,2002,37.51
Uruguay,2003,39.5
Uruguay,2004,33.49
Uruguay,2005,39.33
Uruguay,2006,38.25
Uruguay,2007,46.04
Uruguay,2008,37.73
Uruguay,2009,34.38
Uruguay,2010,37.19
Uruguay,2011,39.17
Uruguay,2012,36.85
Uruguay,2013,37.09
Uruguay,2014,35.96
Uruguay,2015,39.32
Uruguay,2016,38.77
Uruguay,2017,58.27
Uruguay,2018,66.34
Uruguay,2019,65.26
Uruguay,2020,53.97
Uruguay,2021,64.8
Uzbekistan,2000,9.39
Uzbekistan,2001,8.96
Uzbekistan,2002,9.28
Uzbekistan,2003,9.12
Uzbekistan,2004,8.51
Uzbekistan,2005,9.09
Uzbekistan,2006,9.08
Uzbekistan,2007,9.16
Uzbekistan,2008,9.22
Uzbekistan,2009,8.91
Uzbekistan,2010,9.35
Uzbekistan,2011,9.55
Uzbekistan,2012,9.3
Uzbekistan,2013,9.01
Uzbekistan,2014,8.9
Uzbekistan,2015,8.6
Uzbekistan,2016,8.48
Uzbekistan,2017,8.58
Uzbekistan,2018,8.25
Uzbekistan,2019,8.28
Uzbekistan,2020,10.99
Uzbekistan,2021,10.01
Vanuatu,2000,7.75
Vanuatu,2001,8.45
Vanuatu,2002,8.97
Vanuatu,2003,9.33
Vanuatu,2004,9.61
Vanuatu,2005,9.88
Vanuatu,2006,10.25
Vanuatu,2007,10.45
Vanuatu,2008,10.65
Vanuatu,2009,11.02
Vanuatu,2010,11
Vanuatu,2011,10.74
Vanuatu,2012,10.54
Vanuatu,2013,10.32
Vanuatu,2014,10.12
Vanuatu,2015,10.01
Vanuatu,2016,9.76
Vanuatu,2017,9.48
Vanuatu,2018,9.22
Vanuatu,2019,9.03
Vanuatu,2020,9.28
Vanuatu,2021,8.51
Venezuela,2000,8.31
Venezuela,2001,8.76
Venezuela,2002,8.29
Venezuela,2003,9.17
Venezuela,2004,9.36
Venezuela,2005,9.66
Venezuela,2006,9.71
Venezuela,2007,10.01
Venezuela,2008,10.51
Venezuela,2009,10.48
Venezuela,2010,11.51
Venezuela,2011,12.08
Venezuela,2012,12.21
Venezuela,2013,12.17
Venezuela,2014,13.32
Venezuela,2015,13.54
Venezuela,2016,14
Venezuela,2017,14.19
Venezuela,2018,14.7
Venezuela,2019,15.27
Venezuela,2020,18.16
Venezuela,2021,19.21
Vietnam,2000,14.27
Vietnam,2001,14.74
Vietnam,2002,15.13
Vietnam,2003,15.54
Vietnam,2004,16.05
Vietnam,2005,16.41
Vietnam,2006,16.83
Vietnam,2007,17.35
Vietnam,2008,17.77
Vietnam,2009,18.15
Vietnam,2010,18.63
Vietnam,2011,19.12
Vietnam,2012,19.51
Vietnam,2013,19.91
Vietnam,2014,20.44
Vietnam,2015,20.92
Vietnam,2016,21.34
Vietnam,2017,21.74
Vietnam,2018,22.11
Vietnam,2019,22.52
Vietnam,2020,20.67
Vietnam,2021,23.88
World,2000,10.179874
World,2001,10.744917
World,2002,11.210458
World,2003,11.754536
World,2004,11.90273
World,2005,12.527949
World,2006,13.225898
World,2007,13.67307
World,2008,14.581986
World,2009,14.900766
World,2010,15.662712
World,2011,16.539095
World,2012,17.395838
World,2013,18.07306
World,2014,18.629467
World,2015,19.602386
World,2016,20.071768
World,2017,21.205208
World,2018,21.86909
World,2019,22.355255
World,2020,23.030653
World,2021,23.335726
Yemen,2000,4.41
Yemen,2001,4.41
Yemen,2002,4.41
Yemen,2003,4.4
Yemen,2004,4.42
Yemen,2005,4.43
Yemen,2006,4.46
Yemen,2007,4.52
Yemen,2008,4.58
Yemen,2009,4.62
Yemen,2010,4.67
Yemen,2011,4.69
Yemen,2012,4.71
Yemen,2013,4.75
Yemen,2014,4.77
Yemen,2015,4.75
Yemen,2016,4.8
Yemen,2017,4.82
Yemen,2018,4.85
Yemen,2019,4.89
Yemen,2020,5
Yemen,2021,4.61
Zambia,2000,2.75
Zambia,2001,2.7
Zambia,2002,2.73
Zambia,2003,2.75
Zambia,2004,2.63
Zambia,2005,2.46
Zambia,2006,2.5
Zambia,2007,2.38
Zambia,2008,2.4
Zambia,2009,2.34
Zambia,2010,2.24
Zambia,2011,2.33
Zambia,2012,2.22
Zambia,2013,2.29
Zambia,2014,2.26
Zambia,2015,2.24
Zambia,2016,2.19
Zambia,2017,2.08
Zambia,2018,2.09
Zambia,2019,2.23
Zambia,2020,2.6
Zambia,2021,2.66
Zimbabwe,2000,5.07
Zimbabwe,2001,5.13
Zimbabwe,2002,5.21
Zimbabwe,2003,5.27
Zimbabwe,2004,5.37
Zimbabwe,2005,5.37
Zimbabwe,2006,5.28
Zimbabwe,2007,5.27
Zimbabwe,2008,5.38
Zimbabwe,2009,5.57
Zimbabwe,2010,5.94
Zimbabwe,2011,5.96
Zimbabwe,2012,5.93
Zimbabwe,2013,6.01
Zimbabwe,2014,5.98
Zimbabwe,2015,6.02
Zimbabwe,2016,6.04
Zimbabwe,2017,6.02
Zimbabwe,2018,6.05
Zimbabwe,2019,5.97
Zimbabwe,2020,6.6
Zimbabwe,2021,5.94